words,score
erika,13.5
ikame,13.3
kaime,13.3
akemi,13.3
imale,13.100000000000001
ameli,13.100000000000001
maile,13.100000000000001
marke,13.099999999999998
krema,13.099999999999998
kamer,13.099999999999998
merak,13.099999999999998
kalem,13.0
ikram,13.0
trake,13.0
emlak,13.0
marki,13.0
erkli,13.0
raket,13.0
teali,13.0
kelam,13.0
rekat,13.0
kiler,13.0
kemal,13.0
katre,13.0
erlik,13.0
malik,12.900000000000002
ikmal,12.900000000000002
ketal,12.900000000000002
erkan,12.9
klima,12.9
irkme,12.9
aleni,12.9
kamil,12.9
ekran,12.9
kenar,12.9
karne,12.9
kerim,12.899999999999999
rakit,12.899999999999999
tarik,12.899999999999999
emtia,12.899999999999999
ilmek,12.8
terki,12.8
talik,12.8
isale,12.8
tekir,12.8
maket,12.8
asker,12.8
katil,12.8
kitre,12.8
kerti,12.8
melik,12.8
imlek,12.8
emlik,12.8
kamet,12.8
serak,12.8
karni,12.799999999999999
anemi,12.799999999999999
aklen,12.799999999999999
anime,12.799999999999999
inkar,12.799999999999999
erkin,12.700000000000001
semai,12.7
takim,12.7
mesai,12.7
nakli,12.7
kitle,12.7
lakin,12.7
remil,12.7
tamik,12.7
tekli,12.7
tikel,12.7
etlik,12.7
tekil,12.7
nakil,12.7
rimel,12.7
keman,12.699999999999998
mekan,12.699999999999998
salik,12.600000000000001
kesir,12.600000000000001
laski,12.600000000000001
itmek,12.600000000000001
metal,12.600000000000001
sakil,12.600000000000001
tamir,12.6
litre,12.6
sirke,12.6
tirle,12.6
esrik,12.6
serik,12.6
liken,12.6
imkan,12.6
nikel,12.6
terli,12.6
anket,12.6
liret,12.6
mirat,12.6
kasem,12.599999999999998
maske,12.599999999999998
irsal,12.5
talim,12.5
imsak,12.5
antre,12.5
kesat,12.5
kaset,12.5
inmek,12.5
maksi,12.5
misak,12.5
eskil,12.5
terim,12.5
sekil,12.5
sakim,12.5
milat,12.5
nakit,12.499999999999998
intak,12.499999999999998
malen,12.499999999999998
antik,12.499999999999998
sikme,12.400000000000002
etkin,12.4
imren,12.4
liman,12.4
tiran,12.4
lanet,12.4
etnik,12.4
tekin,12.4
azeri,12.4
teras,12.4
ermin,12.4
metil,12.399999999999999
astik,12.399999999999999
melas,12.399999999999999
kesim,12.399999999999999
muare,12.399999999999999
taksi,12.399999999999999
selam,12.399999999999999
elmas,12.399999999999999
miras,12.399999999999999
emsal,12.399999999999999
kasti,12.399999999999999
kimse,12.399999999999999
sakit,12.399999999999999
misal,12.3
istek,12.3
setik,12.3
serim,12.3
alize,12.3
altes,12.3
ulema,12.3
ensar,12.3
tiner,12.3
milas,12.3
kaide,12.3
erzak,12.3
islam,12.3
izale,12.3
salim,12.3
akide,12.3
resmi,12.3
resim,12.3
kesit,12.3
satir,12.3
sakin,12.299999999999999
nemli,12.299999999999999
iskan,12.299999999999999
latin,12.299999999999999
kural,12.299999999999999
sanki,12.299999999999999
metan,12.299999999999999
karlı,12.200000000000001
arsin,12.200000000000001
lanse,12.200000000000001
aslen,12.200000000000001
nasir,12.200000000000001
kesin,12.200000000000001
eksin,12.200000000000001
nitel,12.2
temas,12.2
setir,12.2
ikraz,12.2
daire,12.2
karye,12.2
ister,12.2
lemis,12.2
misel,12.2
karst,12.2
sinek,12.2
tesri,12.2
linet,12.2
irade,12.2
kurma,12.2
kuram,12.2
manti,12.2
eküri,12.2
idare,12.2
selim,12.2
kumar,12.2
telin,12.2
tesir,12.2
oleik,12.2
kiraz,12.2
silme,12.2
liste,12.100000000000001
rekiz,12.100000000000001
telsi,12.100000000000001
keriz,12.100000000000001
kader,12.100000000000001
imalı,12.100000000000001
dekar,12.100000000000001
telis,12.100000000000001
ideal,12.100000000000001
suare,12.1
lezar,12.1
kırma,12.1
lazer,12.1
makul,12.1
nesir,12.1
metin,12.1
senir,12.1
rakım,12.1
siren,12.1
serin,12.1
usare,12.1
ırmak,12.1
kumla,12.1
seman,12.1
nimet,12.1
lisan,12.1
ibare,12.1
koral,12.1
irsen,12.1
temin,12.1
sanem,12.1
ümera,12.099999999999998
mürai,12.0
ezani,12.0
marul,12.0
kırat,12.0
idame,12.0
kılma,12.0
karun,12.0
alkım,12.0
katır,12.0
mezra,12.0
ismet,12.0
izlek,12.0
istem,12.0
metis,12.0
komar,12.0
zekat,12.0
nesil,12.0
sinle,12.0
saten,12.0
emraz,12.0
kadir,12.0
mezar,12.0
bekar,12.0
arkıt,12.0
rakun,12.0
kuran,12.0
kurna,12.0
idrak,12.0
kalım,12.0
artık,12.0
makro,12.0
sitem,12.0
tırak,12.0
kayme,12.0
ikona,11.999999999999998
altık,11.900000000000002
kıtal,11.900000000000002
ıtlak,11.900000000000002
emzik,11.900000000000002
tedai,11.900000000000002
yekta,11.900000000000002
haile,11.900000000000002
kalıt,11.900000000000002
ladik,11.900000000000002
katlı,11.900000000000002
ilahe,11.900000000000002
ihale,11.900000000000002
lokma,11.9
kibar,11.9
kabir,11.9
tasni,11.9
isnat,11.9
teori,11.9
nesim,11.9
kimya,11.9
karın,11.9
direk,11.9
olmak,11.9
sinme,11.9
derik,11.9
enkaz,11.9
kıran,11.9
ismen,11.9
enayi,11.9
bakir,11.9
akort,11.899999999999999
kotra,11.899999999999999
maktu,11.899999999999999
ülker,11.899999999999999
zamir,11.899999999999999
mirza,11.899999999999999
mariz,11.899999999999999
üremi,11.899999999999999
krome,11.899999999999999
kadem,11.899999999999999
kirde,11.899999999999999
utmak,11.899999999999999
ortak,11.899999999999999
rezil,11.899999999999999
riyal,11.899999999999999
şaire,11.899999999999999
torak,11.899999999999999
kredi,11.899999999999999
kebir,11.8
ikbal,11.8
helak,11.8
medar,11.8
kabil,11.8
dikel,11.8
ıltar,11.8
rulet,11.8
sarık,11.8
runik,11.8
ketum,11.8
murat,11.8
ürkme,11.8
atmık,11.8
ipeka,11.8
üsera,11.8
remiz,11.8
dilek,11.8
miyar,11.8
elhak,11.8
moral,11.8
yerli,11.8
delik,11.8
ikrah,11.8
eroin,11.8
kasır,11.8
armut,11.8
tıkma,11.8
kalın,11.8
zalim,11.8
bekri,11.8
ilzam,11.8
korte,11.8
rüesa,11.8
tariz,11.8
anüri,11.8
takım,11.8
katım,11.8
madik,11.8
hakir,11.8
kahir,11.8
ibate,11.8
mader,11.8
otlak,11.8
ikdam,11.8
anlık,11.8
roket,11.8
kanlı,11.8
mikro,11.8
kalbi,11.8
nokra,11.799999999999999
kadim,11.799999999999999
kenya,11.799999999999999
sulak,11.799999999999999
anide,11.799999999999999
tenis,11.799999999999999
senit,11.799999999999999
nazik,11.799999999999999
kuman,11.799999999999999
korna,11.799999999999999
kaslı,11.700000000000001
salık,11.700000000000001
trans,11.700000000000001
asklı,11.700000000000001
natuk,11.700000000000001
nazir,11.700000000000001
ıslak,11.700000000000001
saklı,11.700000000000001
dekan,11.700000000000001
aslık,11.700000000000001
kutan,11.700000000000001
kahil,11.7
sokra,11.7
makus,11.7
mutki,11.7
tomak,11.7
rahle,11.7
yaren,11.7
muska,11.7
sumak,11.7
eşkal,11.7
orkit,11.7
kusma,11.7
tarım,11.7
salur,11.7
bilar,11.7
kolan,11.7
dikta,11.7
dikme,11.7
herik,11.7
yetik,11.7
lider,11.7
ilhak,11.7
amber,11.7
tımar,11.7
yetki,11.7
bilek,11.7
kemah,11.7
olein,11.7
hakem,11.7
martı,11.7
kadit,11.7
aside,11.7
yakin,11.7
artım,11.7
şikar,11.7
lorta,11.7
çaker,11.7
triko,11.7
kamus,11.7
şarki,11.7
izlem,11.7
barem,11.7
kerih,11.7
halik,11.7
belki,11.7
ilkah,11.7
kemha,11.7
mezat,11.7
torik,11.7
terzi,11.7
belik,11.7
türki,11.600000000000001
helik,11.600000000000001
parke,11.600000000000001
eytam,11.600000000000001
külte,11.600000000000001
tomar,11.600000000000001
akrep,11.600000000000001
delta,11.600000000000001
kütle,11.600000000000001
işkal,11.600000000000001
ortam,11.600000000000001
siyak,11.600000000000001
kürit,11.600000000000001
kolit,11.600000000000001
dikte,11.600000000000001
eskiz,11.600000000000001
tezli,11.600000000000001
meyil,11.600000000000001
eksiz,11.600000000000001
korse,11.600000000000001
şerik,11.600000000000001
sekiz,11.600000000000001
demir,11.6
nakdi,11.6
hakim,11.6
kulis,11.6
yenik,11.6
turan,11.6
samur,11.6
namlu,11.6
erzin,11.6
beril,11.6
solak,11.6
nezir,11.6
tanık,11.6
inzal,11.6
berat,11.6
sımak,11.6
kısma,11.6
baret,11.6
kanıt,11.6
mülki,11.6
mukni,11.6
onlar,11.6
raunt,11.6
konma,11.6
keban,11.6
onmak,11.6
nazil,11.6
harem,11.6
kasım,11.6
sıkma,11.6
resul,11.6
turna,11.6
libre,11.6
batik,11.599999999999998
matiz,11.599999999999998
ehram,11.599999999999998
tazim,11.599999999999998
mahir,11.5
artın,11.5
esbak,11.5
bitek,11.5
sırma,11.5
sadik,11.5
natır,11.5
diken,11.5
rakip,11.5
içrek,11.5
sınai,11.5
maron,11.5
almus,11.5
kasıt,11.5
metro,11.5
namlı,11.5
siyek,11.5
şekli,11.5
gaile,11.5
hikem,11.5
surat,11.5
ersiz,11.5
dilme,11.5
adres,11.5
mısra,11.5
tabir,11.5
somak,11.5
nadir,11.5
şekil,11.5
hekim,11.5
dinar,11.5
harim,11.5
işlek,11.5
dinek,11.5
klişe,11.5
kireç,11.5
hamel,11.5
sakıt,11.5
serum,11.5
ıskat,11.5
tunik,11.5
sürek,11.5
balet,11.5
kabin,11.5
orman,11.5
teizm,11.5
betik,11.5
sarım,11.5
tadil,11.5
eşlik,11.5
hamle,11.5
rahim,11.5
bekas,11.5
ihram,11.5
temiz,11.5
sokma,11.5
türel,11.5
ütmek,11.5
rotil,11.5
zaten,11.5
turne,11.5
sunak,11.5
barit,11.5
tanrı,11.5
demli,11.5
maşer,11.5
roman,11.5
mizan,11.499999999999998
ahenk,11.499999999999998
kendi,11.499999999999998
meyan,11.499999999999998
laden,11.499999999999998
kanto,11.499999999999998
oktan,11.499999999999998
liyan,11.499999999999998
melun,11.499999999999998
nokta,11.499999999999998
hanek,11.499999999999998
nizam,11.499999999999998
kotan,11.499999999999998
akont,11.499999999999998
motel,11.400000000000002
yetim,11.400000000000002
aplik,11.400000000000002
ilave,11.400000000000002
halet,11.400000000000002
omlet,11.400000000000002
alevi,11.400000000000002
çilek,11.400000000000002
mabet,11.400000000000002
bilme,11.400000000000002
yitme,11.400000000000002
çelik,11.400000000000002
romen,11.4
endam,11.4
yelin,11.4
torna,11.4
tarih,11.4
moren,11.4
nikah,11.4
altın,11.4
kısmi,11.4
ibret,11.4
sakın,11.4
zemin,11.4
yenli,11.4
sırat,11.4
kahin,11.4
ihtar,11.4
rutin,11.4
antlı,11.4
nakıs,11.4
enzim,11.4
binek,11.4
sanık,11.4
maden,11.4
ıstar,11.4
kagir,11.4
kasnı,11.4
derin,11.4
keşan,11.4
tenya,11.4
sorma,11.4
ladin,11.4
rahne,11.4
satır,11.4
rasıt,11.4
keton,11.4
terbi,11.4
arızi,11.4
diren,11.4
ünite,11.4
tuman,11.4
muris,11.399999999999999
hamil,11.399999999999999
perki,11.399999999999999
sulta,11.399999999999999
ihmal,11.399999999999999
dikse,11.399999999999999
işmar,11.399999999999999
merih,11.399999999999999
kutsi,11.399999999999999
azoik,11.399999999999999
lades,11.399999999999999
lepra,11.399999999999999
mesul,11.399999999999999
siyer,11.399999999999999
halim,11.399999999999999
revak,11.399999999999999
ilham,11.399999999999999
evrak,11.399999999999999
okuma,11.399999999999999
kepir,11.399999999999999
imdat,11.399999999999999
arife,11.399999999999999
suret,11.399999999999999
ümran,11.399999999999999
seyir,11.399999999999999
mehil,11.3
içmek,11.3
kesbi,11.3
sedir,11.3
simya,11.3
lahit,11.3
okume,11.3
küsme,11.3
irşat,11.3
sahre,11.3
sadme,11.3
kümes,11.3
nasır,11.3
erbin,11.3
çekim,11.3
ülser,11.3
talih,11.3
hilat,11.3
ditme,11.3
noter,11.3
tehir,11.3
miraç,11.3
molas,11.3
sanrı,11.3
tenor,11.3
oralı,11.3
bikes,11.3
soket,11.3
sümek,11.3
natür,11.3
efkar,11.3
şimal,11.3
toner,11.3
imbat,11.3
solma,11.3
belit,11.3
semiz,11.3
ithal,11.3
mürit,11.3
paket,11.3
şamil,11.3
samut,11.3
telaş,11.3
tümel,11.3
april,11.3
lehim,11.3
çimek,11.3
mikap,11.3
biner,11.3
ermiş,11.3
bilet,11.3
amper,11.299999999999999
tanım,11.299999999999999
tonla,11.299999999999999
kaniş,11.299999999999999
tünek,11.299999999999999
nadim,11.299999999999999
idman,11.299999999999999
halen,11.299999999999999
yemin,11.299999999999999
denli,11.299999999999999
perma,11.299999999999999
nakşi,11.299999999999999
nükte,11.299999999999999
konsa,11.299999999999999
tonik,11.299999999999999
mantı,11.299999999999999
şeran,11.299999999999999
melon,11.299999999999999
akson,11.299999999999999
kilüs,11.299999999999999
tınma,11.299999999999999
tayin,11.299999999999999
kurya,11.299999999999999
kazıl,11.200000000000001
nasıl,11.200000000000001
notam,11.200000000000001
sanlı,11.200000000000001
kıray,11.200000000000001
limon,11.200000000000001
eşkin,11.200000000000001
monat,11.200000000000001
kayır,11.200000000000001
manto,11.200000000000001
yarık,11.200000000000001
ilhan,11.200000000000001
kütin,11.200000000000001
azlık,11.200000000000001
ayrık,11.200000000000001
rehin,11.2
hitam,11.2
niyet,11.2
işlem,11.2
astım,11.2
edalı,11.2
şilem,11.2
haris,11.2
mesut,11.2
hisar,11.2
sürme,11.2
korza,11.2
satım,11.2
hatmi,11.2
basil,11.2
ampir,11.2
etsiz,11.2
sürat,11.2
kefal,11.2
firak,11.2
kafir,11.2
takip,11.2
salto,11.2
işret,11.2
masnu,11.2
reşit,11.2
betim,11.2
sonra,11.2
siyme,11.2
libas,11.2
oksit,11.2
sadet,11.2
kirve,11.2
tirşe,11.2
kitap,11.2
fakir,11.2
namus,11.2
sunma,11.2
sirmo,11.2
naşir,11.2
nehir,11.2
bitme,11.2
şiran,11.2
benli,11.2
eflak,11.2
sümer,11.2
dinme,11.2
teşri,11.2
masun,11.2
etçik,11.2
nedim,11.2
hatim,11.2
demin,11.2
mastı,11.2
durak,11.2
kimüs,11.2
evrik,11.2
sıtma,11.2
şerit,11.2
denim,11.2
sonar,11.2
patik,11.2
kavil,11.2
lento,11.2
tekçi,11.2
itham,11.2
sarih,11.2
tasım,11.2
rubai,11.2
meriç,11.2
nebat,11.2
katip,11.2
arkoz,11.2
kurye,11.2
lümen,11.199999999999998
ünlem,11.199999999999998
sorit,11.100000000000001
neşir,11.100000000000001
semah,11.100000000000001
parti,11.100000000000001
refik,11.100000000000001
sorti,11.100000000000001
sebat,11.100000000000001
sebil,11.100000000000001
ishal,11.100000000000001
elçim,11.100000000000001
ferik,11.100000000000001
abuli,11.100000000000001
ihlas,11.100000000000001
sahil,11.100000000000001
silah,11.100000000000001
esham,11.100000000000001
imleç,11.100000000000001
viral,11.100000000000001
tepik,11.100000000000001
seyit,11.100000000000001
kefir,11.100000000000001
izole,11.100000000000001
varil,11.100000000000001
kesiş,11.100000000000001
tepki,11.100000000000001
talep,11.100000000000001
tapir,11.100000000000001
tuzak,11.100000000000001
palet,11.100000000000001
magri,11.100000000000001
vekil,11.100000000000001
miçel,11.100000000000001
çelim,11.100000000000001
içlem,11.100000000000001
izabe,11.100000000000001
hamse,11.100000000000001
sütre,11.100000000000001
üzeri,11.100000000000001
evlik,11.100000000000001
livar,11.100000000000001
sirto,11.100000000000001
halis,11.100000000000001
piket,11.100000000000001
yumak,11.1
sekiş,11.1
aşure,11.1
armuz,11.1
kolza,11.1
mebni,11.1
isyan,11.1
permi,11.1
nakip,11.1
şilte,11.1
salon,11.1
maruz,11.1
nikap,11.1
kavmi,11.1
tünel,11.1
gelir,11.1
koyar,11.1
ensiz,11.1
uymak,11.1
yamuk,11.1
mazur,11.1
kazım,11.1
aylık,11.1
binme,11.1
yasin,11.1
yular,11.1
oniks,11.1
sunta,11.1
liger,11.1
monte,11.1
tenha,11.1
lünet,11.1
lakoz,11.1
panik,11.1
burak,11.1
layık,11.1
sınma,11.1
menus,11.1
kramp,11.1
kızma,11.1
kavim,11.1
acemi,11.099999999999998
tasdi,11.099999999999998
amudi,11.099999999999998
dasit,11.099999999999998
yolak,11.0
mozak,11.0
yakım,11.0
mason,11.0
girme,11.0
kabul,11.0
serap,11.0
plati,11.0
vakit,11.0
hamsi,11.0
emval,11.0
evrat,11.0
mevki,11.0
stilo,11.0
basit,11.0
kravl,11.0
helis,11.0
tahin,11.0
yutak,11.0
seriş,11.0
kıyam,11.0
ercik,11.0
yıkma,11.0
yakut,11.0
şetim,11.0
kırba,11.0
dılak,11.0
moruk,11.0
mezru,11.0
kolay,11.0
seçal,11.0
faril,11.0
tavik,11.0
abiye,11.0
deist,11.0
talip,11.0
filar,11.0
erinç,11.0
seçki,11.0
hitan,11.0
ivmek,11.0
zorla,11.0
gerim,11.0
avret,11.0
ahize,11.0
sabit,11.0
kadro,11.0
etçil,11.0
sahte,11.0
üstel,11.0
haset,11.0
kıyma,11.0
gitar,11.0
grena,11.0
ferma,11.0
mevla,11.0
bakır,11.0
bulak,11.0
dural,11.0
tepir,11.0
iptal,11.0
kefil,11.0
laçin,10.999999999999998
tünme,10.999999999999998
munis,10.999999999999998
tümen,10.999999999999998
basen,10.999999999999998
himen,10.999999999999998
panel,10.999999999999998
abide,10.900000000000002
salep,10.900000000000002
mesih,10.900000000000002
çitme,10.900000000000002
pelit,10.900000000000002
yatık,10.900000000000002
evlat,10.900000000000002
tevki,10.900000000000002
semih,10.900000000000002
sehim,10.900000000000002
plase,10.900000000000002
bazik,10.900000000000002
gamet,10.900000000000002
kayıt,10.900000000000002
yakıt,10.900000000000002
zurna,10.9
zamlı,10.9
meşin,10.9
ardıl,10.9
ilenç,10.9
kahır,10.9
borak,10.9
ringa,10.9
orası,10.9
nakız,10.9
dolak,10.9
lazım,10.9
sahne,10.9
varit,10.9
sonat,10.9
inşat,10.9
balık,10.9
kobra,10.9
rical,10.9
hırka,10.9
yarım,10.9
kuzen,10.9
barok,10.9
revan,10.9
haluk,10.9
kızan,10.9
ayrım,10.9
balkı,10.9
aktif,10.899999999999999
bukle,10.899999999999999
verim,10.899999999999999
asude,10.899999999999999
kolye,10.899999999999999
mitos,10.899999999999999
etraf,10.899999999999999
zebra,10.899999999999999
derya,10.899999999999999
slayt,10.899999999999999
dekor,10.899999999999999
evrim,10.899999999999999
koyma,10.899999999999999
mecra,10.899999999999999
ferli,10.899999999999999
elcik,10.899999999999999
lokum,10.899999999999999
akdut,10.899999999999999
takoz,10.899999999999999
sathi,10.899999999999999
firma,10.899999999999999
yunak,10.899999999999999
tuzla,10.899999999999999
zükam,10.899999999999999
oymak,10.899999999999999
durma,10.899999999999999
lazut,10.899999999999999
efrat,10.899999999999999
dizek,10.899999999999999
yürek,10.899999999999999
diyar,10.8
rumba,10.8
sızak,10.8
viran,10.8
cemal,10.8
yankı,10.8
bizar,10.8
yanık,10.8
bezik,10.8
siper,10.8
bıkma,10.8
şarkı,10.8
ifrat,10.8
olmaz,10.8
giren,10.8
emcik,10.8
şırak,10.8
verit,10.8
kavis,10.8
kayın,10.8
üzmek,10.8
zeyil,10.8
timüs,10.8
mecal,10.8
glase,10.8
yakın,10.8
rafit,10.8
etfal,10.8
içsel,10.8
espri,10.8
karşı,10.8
mevta,10.8
iftar,10.8
altız,10.8
biraz,10.8
ibraz,10.8
sarig,10.8
otluk,10.8
dikey,10.8
haklı,10.8
karış,10.8
miyaz,10.8
kubat,10.8
bakım,10.8
yılma,10.8
bariz,10.8
ergin,10.8
tarif,10.8
dolar,10.8
ruble,10.8
uzlet,10.8
yatır,10.8
ayırt,10.8
kafes,10.8
mikoz,10.8
yalım,10.8
burma,10.8
salip,10.8
sakız,10.8
olası,10.8
şemsi,10.8
ayrıt,10.8
nazır,10.8
sigar,10.8
toklu,10.8
kunda,10.799999999999999
şakul,10.799999999999999
tacik,10.799999999999999
sümen,10.799999999999999
korun,10.799999999999999
pelin,10.799999999999999
yekun,10.799999999999999
kıble,10.799999999999999
sünme,10.799999999999999
paten,10.799999999999999
besin,10.799999999999999
nifak,10.799999999999999
kuron,10.799999999999999
nipel,10.799999999999999
ihsan,10.799999999999999
kuzin,10.799999999999999
kozan,10.799999999999999
intaç,10.799999999999999
konur,10.799999999999999
kıdem,10.799999999999999
infak,10.799999999999999
yomra,10.799999999999999
steno,10.799999999999999
çimen,10.799999999999999
besni,10.799999999999999
yorma,10.799999999999999
elvan,10.799999999999999
pinel,10.799999999999999
kablo,10.799999999999999
okapi,10.700000000000001
damlı,10.700000000000001
aşlık,10.700000000000001
kadın,10.700000000000001
çakır,10.700000000000001
zarsı,10.700000000000001
fenik,10.700000000000001
nesih,10.700000000000001
harlı,10.700000000000001
arsız,10.700000000000001
alkış,10.700000000000001
çıkar,10.700000000000001
kışla,10.700000000000001
içten,10.700000000000001
kıraç,10.700000000000001
kıyas,10.700000000000001
çiten,10.700000000000001
çıkra,10.700000000000001
bulma,10.700000000000001
sarız,10.700000000000001
ıhmak,10.700000000000001
icmal,10.700000000000001
kaşlı,10.700000000000001
kalış,10.700000000000001
andık,10.700000000000001
çetin,10.700000000000001
çarık,10.700000000000001
çırak,10.700000000000001
barut,10.7
uzman,10.7
kürdi,10.7
hamur,10.7
zahir,10.7
bezir,10.7
zümre,10.7
bloke,10.7
ibzal,10.7
gasil,10.7
mahur,10.7
merci,10.7
tranş,10.7
humar,10.7
darbe,10.7
sokur,10.7
batkı,10.7
medya,10.7
batur,10.7
abone,10.7
kisve,10.7
konya,10.7
borik,10.7
dizel,10.7
turba,10.7
badik,10.7
rozet,10.7
apiko,10.7
onluk,10.7
rakik,10.7
direy,10.7
elgin,10.7
bunak,10.7
sudak,10.7
gitme,10.7
müzik,10.7
opera,10.7
ricat,10.7
yarın,10.7
safer,10.7
ikrar,10.7
tabur,10.7
lenfa,10.7
ortay,10.7
imroz,10.7
irfan,10.7
ihraz,10.7
yutma,10.7
elips,10.7
kulaç,10.7
nazlı,10.7
mezür,10.7
torul,10.7
ortez,10.7
zanlı,10.7
kumaş,10.7
varis,10.7
terfi,10.7
imame,10.7
ajite,10.7
selva,10.7
fitre,10.7
latif,10.7
batık,10.7
oynak,10.7
gelin,10.7
canik,10.7
seçim,10.7
buket,10.7
ihzar,10.7
kadeh,10.7
komut,10.7
nevir,10.7
tacir,10.7
tevil,10.7
yolma,10.7
sergi,10.7
hurma,10.7
itlaf,10.7
izhar,10.7
maşuk,10.7
kudas,10.7
recim,10.7
israf,10.600000000000001
alkil,10.600000000000001
yatım,10.600000000000001
safir,10.600000000000001
bidar,10.600000000000001
visal,10.600000000000001
zehir,10.600000000000001
mazot,10.600000000000001
tozma,10.600000000000001
frisa,10.600000000000001
islav,10.600000000000001
peruk,10.600000000000001
aleyh,10.600000000000001
kikla,10.600000000000001
sevir,10.600000000000001
mehaz,10.600000000000001
ispat,10.600000000000001
servi,10.600000000000001
kesif,10.600000000000001
ilbay,10.600000000000001
sazlı,10.600000000000001
eslaf,10.600000000000001
muhik,10.600000000000001
kerki,10.600000000000001
çalık,10.6
sayrı,10.6
yanlı,10.6
frank,10.6
dolam,10.6
jikle,10.6
çakıl,10.6
deizm,10.6
dibek,10.6
kaçlı,10.6
yoksa,10.6
akçıl,10.6
dizem,10.6
lakçı,10.6
teati,10.6
dizme,10.6
dolma,10.6
harım,10.6
fiske,10.6
telif,10.6
çorak,10.6
nazım,10.6
ombra,10.6
cemil,10.6
detay,10.6
kroşe,10.6
kalıç,10.6
mezun,10.6
yılan,10.6
sadık,10.6
uçmak,10.6
filet,10.6
kolsu,10.6
urban,10.6
uysal,10.6
kamış,10.6
şaibe,10.6
çalkı,10.6
birey,10.6
leydi,10.6
yalın,10.6
rabıt,10.6
ziyan,10.6
soyka,10.6
nefir,10.6
menfa,10.6
filan,10.6
soluk,10.6
torum,10.6
tacil,10.6
öteki,10.6
yunma,10.6
bedik,10.6
yezit,10.6
külah,10.6
konum,10.6
derun,10.6
final,10.6
nükul,10.6
küsur,10.6
niyaz,10.6
açlık,10.6
kabus,10.6
muhal,10.6
butik,10.599999999999998
camit,10.500000000000002
hayli,10.5
klips,10.5
yaslı,10.5
nisap,10.5
sabur,10.5
avize,10.5
tadım,10.5
sadır,10.5
nasip,10.5
simge,10.5
zabit,10.5
örmek,10.5
tumba,10.5
torba,10.5
kuşet,10.5
badem,10.5
kaplı,10.5
takke,10.5
matbu,10.5
üryan,10.5
kamçı,10.5
banko,10.5
ellik,10.5
subra,10.5
harbe,10.5
kuple,10.5
model,10.5
alyon,10.5
külot,10.5
hedik,10.5
selvi,10.5
bükme,10.5
kalıp,10.5
çolak,10.5
çıkma,10.5
haber,10.5
çokal,10.5
koşma,10.5
süzek,10.5
frenk,10.5
uyarı,10.5
hidra,10.5
çakım,10.5
eğrim,10.5
sokum,10.5
donra,10.5
mebiz,10.5
likör,10.5
tınaz,10.5
mabut,10.5
çumra,10.5
koşam,10.5
simav,10.5
tecil,10.5
reyon,10.5
borat,10.5
ralli,10.5
biyel,10.5
tepsi,10.5
hatır,10.5
ilkel,10.5
basık,10.5
kargı,10.5
dürme,10.5
mayın,10.5
meşru,10.5
iflas,10.5
ıtrah,10.5
lahut,10.5
derbi,10.5
sızma,10.5
pamuk,10.5
basur,10.5
sabık,10.5
baskı,10.5
süluk,10.5
meram,10.5
deyim,10.5
aktör,10.5
bedir,10.5
emare,10.5
mizah,10.5
rasyo,10.5
rufai,10.5
kombi,10.5
saloz,10.5
ekili,10.5
tüzel,10.5
kelli,10.5
radon,10.5
vakur,10.5
batıl,10.5
musır,10.5
bursa,10.5
zloti,10.5
rüyet,10.5
sefir,10.5
bilye,10.5
resif,10.5
çamur,10.5
işyar,10.5
bazit,10.5
kelik,10.5
midye,10.5
duman,10.499999999999998
zeban,10.499999999999998
konut,10.499999999999998
künye,10.499999999999998
ceman,10.499999999999998
encam,10.499999999999998
nesiç,10.499999999999998
çisen,10.499999999999998
bazen,10.499999999999998
madun,10.499999999999998
atfen,10.499999999999998
akait,10.400000000000002
çıtak,10.400000000000002
hatıl,10.400000000000002
tahıl,10.400000000000002
katçı,10.400000000000002
takti,10.400000000000002
çatık,10.400000000000002
çatkı,10.400000000000002
tıkaç,10.400000000000002
sefil,10.4
mayıs,10.4
taret,10.4
kafur,10.4
bunma,10.4
aşkın,10.4
nakış,10.4
sahur,10.4
hilye,10.4
turno,10.4
penis,10.4
fesat,10.4
mimar,10.4
zımni,10.4
nahır,10.4
kanış,10.4
boran,10.4
tiraj,10.4
lavuk,10.4
ruhen,10.4
pines,10.4
birun,10.4
tecim,10.4
arami,10.4
künde,10.4
kargo,10.4
zinde,10.4
deşik,10.4
tıraş,10.4
diyet,10.4
öneri,10.4
beyan,10.4
akşın,10.4
faset,10.4
necat,10.4
torun,10.4
izafe,10.4
siroz,10.4
sayım,10.4
dalsı,10.4
ayevi,10.4
mezon,10.4
polka,10.4
kopal,10.4
deniz,10.4
kıpma,10.4
fanti,10.4
yanıt,10.4
arter,10.4
hazne,10.4
harın,10.4
mekik,10.4
artış,10.4
lando,10.4
kemik,10.4
tayın,10.4
menfi,10.4
sevim,10.4
tozan,10.4
nicel,10.4
baron,10.4
esasi,10.4
metbu,10.4
albüm,10.4
şatır,10.4
debil,10.4
erbaş,10.399999999999999
bahri,10.399999999999999
rayiç,10.399999999999999
muhil,10.399999999999999
amele,10.399999999999999
rejim,10.399999999999999
hamut,10.399999999999999
kodes,10.399999999999999
streç,10.399999999999999
lamel,10.399999999999999
poker,10.399999999999999
kuver,10.399999999999999
matuh,10.399999999999999
bahir,10.399999999999999
sperm,10.399999999999999
çomak,10.399999999999999
dahil,10.399999999999999
muhat,10.399999999999999
mitoz,10.399999999999999
allem,10.399999999999999
zahit,10.399999999999999
sabır,10.399999999999999
otizm,10.399999999999999
moher,10.399999999999999
hürle,10.399999999999999
koçma,10.399999999999999
meyus,10.399999999999999
bemol,10.399999999999999
tablo,10.399999999999999
yonma,10.399999999999999
sorum,10.399999999999999
harbi,10.399999999999999
turaç,10.399999999999999
ölmek,10.399999999999999
çizer,10.399999999999999
mahut,10.399999999999999
süyek,10.399999999999999
kaput,10.399999999999999
ileri,10.399999999999999
ihbar,10.399999999999999
melal,10.399999999999999
masif,10.399999999999999
fresk,10.399999999999999
yatsı,10.3
bitey,10.3
jarse,10.3
hasır,10.3
ılgar,10.3
disko,10.3
vites,10.3
cezai,10.3
ampul,10.3
keler,10.3
bidat,10.3
mizaç,10.3
hadim,10.3
depar,10.3
amigo,10.3
karma,10.3
rakam,10.3
kopma,10.3
küşat,10.3
tetik,10.3
taşlı,10.3
kurca,10.3
ekler,10.3
dikeç,10.3
rütbe,10.3
tevsi,10.3
fıkra,10.3
limbo,10.3
vedia,10.3
tümey,10.3
marka,10.3
çedik,10.3
mobil,10.3
tekit,10.3
tokaç,10.3
mühre,10.3
mermi,10.3
çalım,10.3
ansız,10.3
tirat,10.3
yeşil,10.3
tüyme,10.3
fırka,10.3
dualı,10.3
fasit,10.3
çakın,10.3
caize,10.3
türbe,10.3
atlet,10.3
taşıl,10.3
çıkan,10.3
külçe,10.3
muşta,10.3
arşın,10.3
sükut,10.3
şerha,10.3
çekül,10.3
bişek,10.3
üşmek,10.3
dorse,10.3
polar,10.3
gırla,10.3
gazel,10.3
borsa,10.3
erime,10.3
dikçe,10.3
şayet,10.3
atari,10.3
ramak,10.3
kebap,10.3
ifsat,10.3
beyit,10.3
beşik,10.3
artçı,10.3
pomak,10.3
donma,10.299999999999999
beniz,10.299999999999999
tonya,10.299999999999999
nağme,10.299999999999999
somya,10.299999999999999
çomar,10.299999999999999
tonlu,10.299999999999999
örnek,10.299999999999999
nefti,10.299999999999999
rüsum,10.299999999999999
arena,10.299999999999999
nanik,10.299999999999999
büken,10.299999999999999
komün,10.299999999999999
esnaf,10.299999999999999
hazin,10.299999999999999
donam,10.299999999999999
balon,10.299999999999999
hükmi,10.299999999999999
vakum,10.299999999999999
fitne,10.299999999999999
hizan,10.299999999999999
soyma,10.299999999999999
yosma,10.299999999999999
hatun,10.200000000000001
basım,10.200000000000001
insaf,10.200000000000001
aktar,10.200000000000001
tatil,10.200000000000001
itila,10.200000000000001
saika,10.200000000000001
hasıl,10.200000000000001
nezih,10.200000000000001
saçık,10.200000000000001
almak,10.200000000000001
yazık,10.200000000000001
ıslah,10.200000000000001
ledün,10.200000000000001
oyalı,10.200000000000001
sıkça,10.200000000000001
kıvam,10.200000000000001
kopil,10.200000000000001
evsin,10.200000000000001
talil,10.200000000000001
hande,10.200000000000001
yahni,10.200000000000001
hanut,10.200000000000001
katar,10.200000000000001
malak,10.200000000000001
kalma,10.200000000000001
tarak,10.200000000000001
haşir,10.2
cesim,10.2
memat,10.2
pedal,10.2
kiril,10.2
manej,10.2
yansı,10.2
matem,10.2
üçkat,10.2
fular,10.2
sayın,10.2
guatr,10.2
sükun,10.2
jilet,10.2
erbap,10.2
taşım,10.2
lirik,10.2
viyak,10.2
prens,10.2
çotra,10.2
kirli,10.2
çınar,10.2
ifade,10.2
geriz,10.2
mehdi,10.2
yeşim,10.2
milel,10.2
taçlı,10.2
medih,10.2
kahpe,10.2
kasis,10.2
rebap,10.2
largo,10.2
kemer,10.2
ermek,10.2
topak,10.2
ötmek,10.2
tetir,10.2
zafer,10.2
zeval,10.2
koçan,10.2
irite,10.2
giray,10.2
kırca,10.2
yemiş,10.2
çaltı,10.2
rusça,10.2
ortaç,10.2
çizme,10.2
esrar,10.2
vokal,10.2
gayri,10.2
törel,10.2
sübek,10.2
yaver,10.2
batın,10.2
merek,10.2
sorun,10.2
lotus,10.2
mebus,10.2
sudan,10.2
kerem,10.2
hanım,10.2
gurme,10.2
otsul,10.2
tosya,10.2
fedai,10.2
sarış,10.2
tavuk,10.2
bekçi,10.2
ratıp,10.2
muhit,10.2
galiz,10.2
geyik,10.2
gamze,10.2
anele,10.2
kuzey,10.2
üçler,10.2
şehla,10.2
bezsi,10.2
kemre,10.2
kavut,10.2
şanlı,10.2
velur,10.2
vurma,10.2
kofra,10.2
süzme,10.2
narin,10.2
beyin,10.2
sapık,10.100000000000001
valiz,10.100000000000001
avurt,10.100000000000001
sökel,10.100000000000001
siyah,10.100000000000001
hariç,10.100000000000001
takla,10.100000000000001
zarif,10.100000000000001
kelem,10.100000000000001
kupes,10.100000000000001
sapkı,10.100000000000001
kerte,10.100000000000001
gadir,10.100000000000001
keşap,10.100000000000001
zirve,10.100000000000001
eklem,10.100000000000001
keski,10.100000000000001
terek,10.100000000000001
tazip,10.100000000000001
mesaj,10.100000000000001
sıhri,10.100000000000001
hertz,10.100000000000001
hasım,10.100000000000001
melek,10.100000000000001
falez,10.100000000000001
elmek,10.100000000000001
talak,10.100000000000001
silaj,10.100000000000001
ihraç,10.100000000000001
gamlı,10.100000000000001
kesik,10.100000000000001
odalı,10.100000000000001
pelür,10.100000000000001
kalcı,10.100000000000001
teker,10.100000000000001
hasut,10.100000000000001
ifraz,10.100000000000001
vezir,10.100000000000001
eksik,10.100000000000001
gedik,10.1
argıt,10.1
maral,10.1
seksi,10.1
uğrak,10.1
dümen,10.1
itmam,10.1
telli,10.1
pazen,10.1
beşli,10.1
ileti,10.1
pınar,10.1
uçman,10.1
ırgat,10.1
laçın,10.1
hüner,10.1
teşyi,10.1
örtme,10.1
sabun,10.1
aport,10.1
cinas,10.1
kovma,10.1
aspur,10.1
tamim,10.1
kıpti,10.1
nefis,10.1
akran,10.1
edvar,10.1
sonlu,10.1
çanlı,10.1
sezon,10.1
irmik,10.1
küşne,10.1
urgan,10.1
apotr,10.1
müşir,10.1
şehir,10.1
somut,10.1
raflı,10.1
baton,10.1
nehiy,10.1
illet,10.1
yazır,10.1
alarm,10.1
krank,10.1
kavun,10.1
maruf,10.1
yergi,10.1
rugan,10.1
sikke,10.1
mançu,10.1
bastı,10.1
ovmak,10.1
payet,10.1
lahos,10.1
geoit,10.1
naçiz,10.1
koşin,10.1
sırça,10.1
manen,10.099999999999998
seziş,10.0
zevat,10.0
yalız,10.0
ilmik,10.0
iklim,10.0
anlak,10.0
erken,10.0
goril,10.0
lafzi,10.0
acibe,10.0
keyfi,10.0
tekel,10.0
çekiş,10.0
izlev,10.0
ülger,10.0
gulet,10.0
kalan,10.0
makat,10.0
flora,10.0
mania,10.0
muzır,10.0
anten,10.0
satıh,10.0
garbi,10.0
duyar,10.0
basın,10.0
çinko,10.0
kösem,10.0
rahip,10.0
kapiş,10.0
remel,10.0
şedit,10.0
elyaf,10.0
eşarp,10.0
porte,10.0
polat,10.0
kilim,10.0
sakar,10.0
rumca,10.0
fakül,10.0
esire,10.0
haliç,10.0
oktav,10.0
imlik,10.0
gayet,10.0
tayip,10.0
aşevi,10.0
ragbi,10.0
argın,10.0
gizem,10.0
zefir,10.0
aklan,10.0
sarak,10.0
dergi,10.0
topla,10.0
somun,10.0
sökme,10.0
alkan,10.0
uçarı,10.0
tuval,10.0
nekre,10.0
hamiş,10.0
ezinç,10.0
uymaz,10.0
tavır,10.0
antet,10.0
bitüm,10.0
hadis,10.0
ferda,10.0
palto,10.0
telek,10.0
bütan,10.0
doruk,10.0
türap,10.0
kanal,10.0
zorlu,10.0
saçlı,10.0
plato,10.0
payen,10.0
esame,10.0
gider,10.0
kahve,10.0
tanış,10.0
votka,10.0
yoluk,10.0
turfa,10.0
sonda,10.0
firez,10.0
ihdas,10.0
katma,10.0
eşsiz,10.0
utanç,10.0
şerpa,10.0
takma,10.0
keyif,10.0
beton,10.0
tarla,10.0
topal,10.0
sutaş,10.0
kabız,10.0
tanen,10.0
topik,10.0
mıgri,10.0
carlı,10.0
makta,10.0
atmak,10.0
muson,10.0
optik,10.0
masör,10.0
mufla,10.0
efriz,10.0
bahis,9.900000000000002
saplı,9.900000000000002
habis,9.900000000000002
hasbi,9.900000000000002
paslı,9.900000000000002
kurak,9.9
etmek,9.9
anmak,9.9
lipom,9.9
keser,9.9
sıçma,9.9
keres,9.9
afoni,9.9
skala,9.9
biçme,9.9
mevzi,9.9
dalız,9.9
giyme,9.9
peron,9.9
zecri,9.9
velut,9.9
orcik,9.9
sille,9.9
musap,9.9
tosun,9.9
taşsı,9.9
cezir,9.9
zecir,9.9
pomat,9.9
tanin,9.9
obruk,9.9
sesli,9.9
delgi,9.9
forma,9.9
polim,9.9
mülga,9.9
lapon,9.9
akman,9.9
kesre,9.9
cezri,9.9
mapus,9.9
minör,9.9
paunt,9.9
salak,9.9
biçem,9.9
organ,9.9
ekser,9.9
kilit,9.9
cizre,9.9
argon,9.9
tekme,9.9
şarpi,9.9
azize,9.9
sakal,9.9
itina,9.9
iskoç,9.9
kanma,9.9
şahne,9.9
amorf,9.9
dünit,9.9
satış,9.9
titan,9.9
pusma,9.9
yegan,9.9
hazık,9.9
şahit,9.9
pişek,9.9
tavlı,9.9
likit,9.9
gotik,9.9
algın,9.9
kaman,9.9
tören,9.9
büten,9.9
buzla,9.9
taviz,9.9
selis,9.9
artma,9.9
yazım,9.9
temek,9.9
savur,9.9
itlik,9.9
kalas,9.9
piyan,9.9
tilki,9.9
boruk,9.9
iştah,9.9
intan,9.9
ervah,9.899999999999999
afişe,9.899999999999999
tolga,9.899999999999999
devri,9.899999999999999
devir,9.899999999999999
tokuz,9.899999999999999
kovan,9.899999999999999
şapel,9.899999999999999
vebal,9.899999999999999
miyav,9.899999999999999
varto,9.899999999999999
fekül,9.899999999999999
verdi,9.899999999999999
hempa,9.899999999999999
sepya,9.899999999999999
sargı,9.899999999999999
meful,9.899999999999999
mecaz,9.899999999999999
budak,9.899999999999999
şekva,9.899999999999999
zebur,9.899999999999999
dival,9.899999999999999
önlem,9.899999999999999
devam,9.899999999999999
efdal,9.899999999999999
refah,9.8
sanış,9.8
geniz,9.8
cidar,9.8
ferdi,9.8
süreç,9.8
makas,9.8
grosa,9.8
mevut,9.8
filum,9.8
kanat,9.8
avdet,9.8
ipham,9.8
mopet,9.8
levha,9.8
tempo,9.8
salgı,9.8
lügat,9.8
volta,9.8
yüzer,9.8
iksir,9.8
eyvan,9.8
bayrı,9.8
terme,9.8
metre,9.8
mucir,9.8
esans,9.8
gülme,9.8
ferah,9.8
fakih,9.8
pusat,9.8
kukla,9.8
meret,9.8
yorum,9.8
eslek,9.8
bayır,9.8
püren,9.8
yazıt,9.8
şahin,9.8
helva,9.8
malcı,9.8
mutaf,9.8
bitap,9.8
belgi,9.8
ezgin,9.8
yevmi,9.8
davet,9.8
pilot,9.8
asist,9.8
vanlı,9.8
tedip,9.8
üdeba,9.8
keles,9.8
sekel,9.8
camlı,9.8
redif,9.8
kulak,9.8
beyaz,9.8
küvet,9.8
lüfer,9.8
kasma,9.8
küspe,9.8
hızar,9.8
bilge,9.8
tevzi,9.8
kesel,9.8
hafik,9.8
tabip,9.8
fasık,9.8
matla,9.8
edinç,9.8
kinli,9.8
şehit,9.8
koyut,9.8
flori,9.8
matuf,9.8
dozer,9.8
karık,9.8
angut,9.8
hazır,9.8
baget,9.8
sütun,9.8
eşhas,9.8
selek,9.8
zorba,9.8
seans,9.8
haşin,9.8
aksam,9.8
trafo,9.8
duyma,9.799999999999999
longa,9.799999999999999
usanç,9.799999999999999
boklu,9.799999999999999
ilkin,9.799999999999999
neler,9.799999999999999
oğlak,9.799999999999999
dubar,9.799999999999999
kobay,9.799999999999999
polen,9.799999999999999
ukala,9.799999999999999
galon,9.799999999999999
pısma,9.799999999999999
radyo,9.799999999999999
asmak,9.799999999999999
silik,9.700000000000001
hurda,9.700000000000001
taksa,9.700000000000001
kenet,9.700000000000001
nafiz,9.700000000000001
silki,9.700000000000001
hazro,9.700000000000001
kalık,9.700000000000001
keten,9.700000000000001
yakış,9.700000000000001
infaz,9.700000000000001
allık,9.700000000000001
taciz,9.700000000000001
tekne,9.700000000000001
kulle,9.700000000000001
kayış,9.700000000000001
etken,9.700000000000001
lagos,9.700000000000001
sıcak,9.700000000000001
baloz,9.700000000000001
zımba,9.700000000000001
şinto,9.700000000000001
aklık,9.700000000000001
buyma,9.700000000000001
vezin,9.700000000000001
cidal,9.700000000000001
vasıl,9.700000000000001
aznif,9.700000000000001
takas,9.700000000000001
hızla,9.700000000000001
kudüm,9.7
tozlu,9.7
diyez,9.7
anlam,9.7
düyek,9.7
geriş,9.7
fıtri,9.7
tapon,9.7
esmek,9.7
sıçan,9.7
branş,9.7
devim,9.7
şoset,9.7
nüsha,9.7
forte,9.7
yengi,9.7
hünsa,9.7
oylum,9.7
sekme,9.7
icbar,9.7
kağıt,9.7
mango,9.7
dizey,9.7
fiber,9.7
münşi,9.7
akkor,9.7
fişka,9.7
minik,9.7
işgal,9.7
alman,9.7
nisan,9.7
revaç,9.7
nisai,9.7
süper,9.7
felah,9.7
tesis,9.7
zulüm,9.7
dolay,9.7
kilis,9.7
lüzum,9.7
koyun,9.7
türev,9.7
muğla,9.7
askat,9.7
zorun,9.7
temel,9.7
kofti,9.7
hayır,9.7
evham,9.7
kaşif,9.7
domur,9.7
telem,9.7
peşli,9.7
kilsi,9.7
tuğra,9.7
şilep,9.7
sarma,9.7
boyar,9.7
sakat,9.7
tüfek,9.7
çemiş,9.7
joker,9.7
adedi,9.7
sezgi,9.7
kapuz,9.7
lagün,9.7
kesme,9.7
hıyar,9.7
puset,9.7
kolaj,9.7
eşraf,9.7
ummak,9.7
yazın,9.7
fahri,9.7
hitap,9.7
rakor,9.7
yortu,9.7
tesit,9.7
dorum,9.7
esbap,9.7
testi,9.7
arşiv,9.7
halef,9.7
yukaç,9.7
volan,9.7
teist,9.7
hatip,9.7
ojeli,9.7
piyes,9.7
yediz,9.7
şahsi,9.7
ritim,9.7
duşak,9.7
özerk,9.7
insan,9.7
fiyat,9.7
hızma,9.600000000000001
tekst,9.600000000000001
keşif,9.600000000000001
faslı,9.600000000000001
dürzi,9.600000000000001
yemci,9.600000000000001
hazım,9.600000000000001
cihar,9.600000000000001
gerçi,9.600000000000001
çeşit,9.600000000000001
rekor,9.600000000000001
aysız,9.600000000000001
lağım,9.600000000000001
hamız,9.600000000000001
iflah,9.600000000000001
dilce,9.600000000000001
zıpka,9.600000000000001
kolej,9.600000000000001
fişek,9.600000000000001
vahim,9.600000000000001
datif,9.600000000000001
hilaf,9.600000000000001
tavus,9.600000000000001
limit,9.600000000000001
çevik,9.600000000000001
sufle,9.600000000000001
cebir,9.600000000000001
dicle,9.600000000000001
hacir,9.600000000000001
sevda,9.600000000000001
cibre,9.600000000000001
mujik,9.600000000000001
kitin,9.600000000000001
şefik,9.600000000000001
fasıl,9.600000000000001
ferih,9.600000000000001
tuğla,9.600000000000001
cebri,9.600000000000001
herif,9.600000000000001
suvat,9.600000000000001
koala,9.6
geliş,9.6
garip,9.6
perva,9.6
tutak,9.6
serme,9.6
kondu,9.6
veriş,9.6
zabıt,9.6
tasar,9.6
koşul,9.6
hesap,9.6
forsa,9.6
sekte,9.6
bozma,9.6
doyma,9.6
tango,9.6
genom,9.6
aksan,9.6
nasıp,9.6
kürar,9.6
esmer,9.6
yarış,9.6
tufan,9.6
reaya,9.6
tonga,9.6
aralı,9.6
macun,9.6
enlem,9.6
canlı,9.6
salvo,9.6
andız,9.6
mahfe,9.6
bardo,9.6
önsel,9.6
sehpa,9.6
salma,9.6
divan,9.6
mulaj,9.6
pişme,9.6
cesur,9.6
gabin,9.6
nezif,9.6
buhar,9.6
beyzi,9.6
mitil,9.6
rasat,9.6
talan,9.6
polis,9.6
semer,9.6
kağnı,9.6
donuk,9.6
mamur,9.6
astar,9.6
sarat,9.6
tevdi,9.6
dolum,9.6
borda,9.6
masal,9.6
potas,9.6
ariza,9.6
hasep,9.6
meres,9.6
lokal,9.6
salam,9.6
evsiz,9.6
savlo,9.6
arazi,9.6
zirai,9.6
racon,9.6
kakım,9.6
posta,9.6
sofra,9.6
ecdat,9.6
reviş,9.6
rüsva,9.6
alkol,9.6
dobra,9.6
gütme,9.6
draje,9.6
duble,9.599999999999998
yüzme,9.599999999999998
hokey,9.599999999999998
salcı,9.500000000000002
cahil,9.500000000000002
ayrıç,9.5
lasta,9.5
mesel,9.5
vahit,9.5
medüz,9.5
seter,9.5
senek,9.5
mucit,9.5
uluma,9.5
meles,9.5
çevri,9.5
eksen,9.5
zamme,9.5
adsız,9.5
cunta,9.5
mamul,9.5
teres,9.5
talas,9.5
akabe,9.5
cümle,9.5
esnek,9.5
salta,9.5
dakik,9.5
diğer,9.5
frape,9.5
lonca,9.5
zebun,9.5
ester,9.5
çoklu,9.5
falso,9.5
turbo,9.5
cüret,9.5
zühre,9.5
kükre,9.5
şerif,9.5
hapis,9.5
aydın,9.5
ülfet,9.5
hürya,9.5
mahfi,9.5
düzme,9.5
işlev,9.5
sangı,9.5
segah,9.5
vehim,9.5
malul,9.5
zenci,9.5
fetha,9.5
entel,9.5
duraç,9.5
ilgeç,9.5
kanun,9.5
nekes,9.5
setre,9.5
acuze,9.5
şifre,9.5
bedük,9.5
şepit,9.5
tutar,9.5
fahte,9.5
kakül,9.5
memur,9.5
katkı,9.5
humor,9.5
sahip,9.5
katık,9.5
yaşlı,9.5
çabuk,9.5
yahut,9.5
düzem,9.5
horst,9.5
çelgi,9.5
maviş,9.5
sönme,9.5
takık,9.5
salat,9.5
şaryo,9.5
ürkek,9.5
ulama,9.5
radde,9.5
ariya,9.5
fuaye,9.5
yapık,9.5
mırra,9.5
kriko,9.5
turta,9.5
baldo,9.5
kayıp,9.5
ifham,9.5
mukim,9.5
lojik,9.5
tromp,9.5
manat,9.5
hangi,9.5
çayır,9.5
piton,9.5
potin,9.5
sprey,9.5
bakış,9.5
atlas,9.5
nüzul,9.5
ördek,9.5
ırama,9.5
kavuz,9.5
malum,9.5
cehri,9.5
nabız,9.5
tepiş,9.5
koşum,9.5
komşu,9.5
spazm,9.5
demci,9.5
kroki,9.5
fenol,9.5
zühal,9.5
fidan,9.5
ücret,9.5
çeşni,9.5
nefiy,9.5
bengi,9.5
stres,9.5
kokma,9.5
kürek,9.5
kesen,9.5
galip,9.5
hozat,9.400000000000002
skink,9.4
çaylı,9.4
zeker,9.4
fanus,9.4
afsun,9.4
kopya,9.4
nefha,9.4
seren,9.4
subay,9.4
kupür,9.4
katot,9.4
ılıma,9.4
tirsi,9.4
bıçak,9.4
hayıt,9.4
defin,9.4
sıfat,9.4
kurul,9.4
hafit,9.4
hadım,9.4
sanal,9.4
cedit,9.4
etsel,9.4
fatih,9.4
hacim,9.4
karay,9.4
soylu,9.4
susak,9.4
tasma,9.4
kayar,9.4
iradi,9.4
haydi,9.4
emaye,9.4
siirt,9.4
çorlu,9.4
zombi,9.4
azami,9.4
nahiv,9.4
peşin,9.4
dalış,9.4
resen,9.4
ovalı,9.4
kaygı,9.4
yuvak,9.4
pilav,9.4
tokat,9.4
camsı,9.4
adale,9.4
virüs,9.4
sinik,9.4
tezat,9.4
hacet,9.4
hülya,9.4
yarak,9.4
fonem,9.4
idrar,9.4
cehil,9.4
satma,9.4
eyyam,9.4
tartı,9.4
islim,9.4
teles,9.4
hepsi,9.4
kanık,9.4
ithaf,9.4
kolik,9.4
hatif,9.4
özeni,9.4
külek,9.4
aslan,9.4
sınav,9.4
sizce,9.4
ihvan,9.4
idari,9.4
yarka,9.4
masat,9.4
erciş,9.4
milis,9.4
misil,9.4
etmen,9.4
çecik,9.4
motif,9.4
kayra,9.4
ofris,9.4
didar,9.4
istop,9.4
memul,9.399999999999999
fehim,9.399999999999999
pudra,9.399999999999999
büzme,9.399999999999999
börek,9.399999999999999
leziz,9.399999999999999
barış,9.399999999999999
vakfe,9.399999999999999
dimağ,9.399999999999999
aroma,9.399999999999999
koşut,9.399999999999999
haybe,9.399999999999999
geçim,9.399999999999999
ezeli,9.399999999999999
eğmür,9.399999999999999
çadır,9.399999999999999
dölek,9.399999999999999
erbaa,9.399999999999999
nodul,9.399999999999999
gayur,9.399999999999999
evkaf,9.399999999999999
değil,9.399999999999999
sürfe,9.399999999999999
uygar,9.399999999999999
mafiş,9.399999999999999
iblağ,9.399999999999999
ardıç,9.399999999999999
mecus,9.399999999999999
zelil,9.399999999999999
seçiş,9.399999999999999
donlu,9.399999999999999
baliğ,9.399999999999999
sağrı,9.399999999999999
ödlek,9.399999999999999
melul,9.399999999999999
sağır,9.399999999999999
lobut,9.399999999999999
yargı,9.3
koket,9.3
yatış,9.3
soyum,9.3
fosil,9.3
ılgaz,9.3
sitil,9.3
lıkır,9.3
cihat,9.3
konak,9.3
cenah,9.3
madde,9.3
çiroz,9.3
düzen,9.3
kasık,9.3
umacı,9.3
kılır,9.3
çepin,9.3
padok,9.3
kadar,9.3
softa,9.3
çorum,9.3
müfit,9.3
yalak,9.3
pigme,9.3
çigan,9.3
lopur,9.3
vergi,9.3
kısas,9.3
çeyiz,9.3
conta,9.3
taziz,9.3
yaşıt,9.3
arabi,9.3
piyaz,9.3
aygır,9.3
külli,9.3
fetih,9.3
azmak,9.3
zırva,9.3
madem,9.3
altlı,9.3
geçit,9.3
dübel,9.3
kizir,9.3
yamçı,9.3
yavru,9.3
diyot,9.3
yontu,9.3
otsuz,9.3
nahif,9.3
aylak,9.3
poyra,9.3
yuvar,9.3
garoz,9.3
çerağ,9.3
akmaz,9.3
ardak,9.3
kumru,9.3
atılı,9.3
kalya,9.3
aftos,9.3
kıska,9.3
gayrı,9.3
çotuk,9.3
kurum,9.3
beliğ,9.3
gazlı,9.3
sinir,9.3
süvme,9.3
başlı,9.3
efsun,9.3
kıssa,9.3
hodri,9.3
vigla,9.3
selen,9.3
sinop,9.3
kömür,9.3
dökme,9.3
tatlı,9.3
dince,9.3
komik,9.3
sığla,9.3
geniş,9.3
kalay,9.3
hozan,9.3
vüsat,9.3
çepni,9.3
honaz,9.3
amade,9.3
değim,9.3
zikir,9.3
kazma,9.3
subye,9.3
ruhça,9.3
hüzme,9.3
grizu,9.3
mazak,9.3
sanma,9.299999999999999
tutma,9.299999999999999
yufka,9.299999999999999
denyo,9.299999999999999
yelli,9.299999999999999
özlem,9.299999999999999
duvak,9.299999999999999
olmuş,9.299999999999999
modül,9.299999999999999
tutam,9.299999999999999
kulüp,9.299999999999999
paylı,9.299999999999999
kuşça,9.299999999999999
çuşka,9.299999999999999
guano,9.299999999999999
leyli,9.299999999999999
manas,9.299999999999999
dosya,9.299999999999999
tümce,9.299999999999999
mamut,9.299999999999999
banyo,9.299999999999999
yalpı,9.299999999999999
mutat,9.299999999999999
saman,9.299999999999999
sıska,9.299999999999999
ölmez,9.299999999999999
saksı,9.299999999999999
dünya,9.299999999999999
oğlan,9.299999999999999
molla,9.299999999999999
koşun,9.299999999999999
konuş,9.299999999999999
kanon,9.299999999999999
boyna,9.299999999999999
yirik,9.200000000000001
kayma,9.200000000000001
bizon,9.200000000000001
haşıl,9.200000000000001
cihan,9.200000000000001
kaçış,9.200000000000001
kumlu,9.200000000000001
aymak,9.200000000000001
cebin,9.200000000000001
sağım,9.200000000000001
vişne,9.200000000000001
sancı,9.200000000000001
çıdam,9.200000000000001
dalak,9.200000000000001
kurut,9.200000000000001
harir,9.200000000000001
sığma,9.200000000000001
yanış,9.200000000000001
çengi,9.200000000000001
total,9.200000000000001
çakış,9.200000000000001
yamak,9.200000000000001
kutur,9.200000000000001
yakma,9.200000000000001
calip,9.200000000000001
kumul,9.200000000000001
benci,9.200000000000001
ısrar,9.2
tözel,9.2
yelek,9.2
birer,9.2
kütör,9.2
husye,9.2
yeğin,9.2
semen,9.2
şümul,9.2
maocu,9.2
kömbe,9.2
meşbu,9.2
fason,9.2
potuk,9.2
sokak,9.2
erdek,9.2
üreme,9.2
ezmek,9.2
erzel,9.2
muzip,9.2
yatçı,9.2
süfli,9.2
soyut,9.2
ocuma,9.2
maraz,9.2
şubat,9.2
ussal,9.2
nemse,9.2
deyiş,9.2
hutbe,9.2
ofans,9.2
halel,9.2
olçum,9.2
helal,9.2
aynen,9.2
kerde,9.2
peyda,9.2
kırım,9.2
kiliz,9.2
bando,9.2
istim,9.2
düçar,9.2
kasko,9.2
berri,9.2
yapım,9.2
yorga,9.2
delil,9.2
nalın,9.2
acube,9.2
sokuş,9.2
umman,9.2
sanat,9.2
stant,9.2
daimi,9.2
analı,9.2
yeğni,9.2
ürüme,9.2
mesen,9.2
çorba,9.2
daima,9.2
ofset,9.2
topuk,9.2
fasih,9.2
beziş,9.2
bütey,9.2
afşin,9.2
adeta,9.2
duvar,9.2
simit,9.2
gafil,9.2
tohum,9.2
barak,9.2
sehiv,9.2
örtük,9.2
memba,9.2
keder,9.2
maddi,9.2
çulha,9.2
onsuz,9.2
biber,9.2
barka,9.2
izzet,9.2
beşiz,9.2
cihet,9.2
fetiş,9.2
lerze,9.2
furya,9.2
dolap,9.100000000000001
tırık,9.100000000000001
kutlu,9.100000000000001
ekose,9.100000000000001
seviş,9.100000000000001
tezek,9.100000000000001
hindu,9.100000000000001
bohem,9.100000000000001
kapış,9.100000000000001
pumba,9.100000000000001
haçlı,9.100000000000001
konik,9.100000000000001
danış,9.100000000000001
keşki,9.100000000000001
otçul,9.100000000000001
evcik,9.100000000000001
fesih,9.100000000000001
civar,9.100000000000001
kıtır,9.100000000000001
yatak,9.100000000000001
zarcı,9.100000000000001
dalgı,9.100000000000001
yahşi,9.100000000000001
sefih,9.100000000000001
fisto,9.100000000000001
şıpka,9.100000000000001
tıkır,9.100000000000001
keşiş,9.100000000000001
fazıl,9.100000000000001
lafız,9.100000000000001
keşik,9.100000000000001
aidat,9.100000000000001
mevzu,9.100000000000001
yulaf,9.1
mübah,9.1
tebaa,9.1
taocu,9.1
tuluk,9.1
soruş,9.1
sayış,9.1
belli,9.1
çarşı,9.1
esvap,9.1
yerel,9.1
hodan,9.1
nodül,9.1
teyit,9.1
taraz,9.1
zarta,9.1
yemek,9.1
aşari,9.1
ahali,9.1
topur,9.1
arpej,9.1
malaz,9.1
yarma,9.1
damak,9.1
video,9.1
bakla,9.1
henüz,9.1
buton,9.1
çifte,9.1
susma,9.1
koful,9.1
sabuh,9.1
masum,9.1
ihlal,9.1
niğde,9.1
değin,9.1
marya,9.1
otama,9.1
grado,9.1
yapıt,9.1
patoz,9.1
venüs,9.1
topaz,9.1
hilal,9.1
zehap,9.1
anzak,9.1
koşaç,9.1
kımıl,9.1
ebeli,9.1
ablak,9.1
davul,9.1
tugay,9.1
fevri,9.1
bünye,9.1
zanka,9.1
yosun,9.1
çörek,9.1
asılı,9.1
fetüs,9.1
karha,9.1
pikaj,9.1
stent,9.1
şişek,9.1
hecin,9.1
numen,9.1
memnu,9.1
süven,9.1
sallı,9.1
kazan,9.1
oynaş,9.1
teşci,9.1
ilahi,9.1
fulya,9.1
sevap,9.1
dönek,9.1
susam,9.1
senet,9.1
kupon,9.1
ezine,9.1
batış,9.1
apoşi,9.1
çıyan,9.1
gnays,9.1
öznel,9.1
potur,9.1
kapik,9.000000000000002
melez,9.0
orion,9.0
nohut,9.0
güzel,9.0
şerir,9.0
halka,9.0
çalış,9.0
çökel,9.0
cevir,9.0
müziç,9.0
tonaj,9.0
kolcu,9.0
onama,9.0
dokuz,9.0
fetva,9.0
herek,9.0
tifüs,9.0
soluş,9.0
pikap,9.0
yetke,9.0
demek,9.0
balar,9.0
çandı,9.0
marda,9.0
adese,9.0
totem,9.0
çekiç,9.0
zorca,9.0
çiçek,9.0
cazlı,9.0
malya,9.0
azgın,9.0
drama,9.0
tabii,9.0
bucak,9.0
izmir,9.0
çekik,9.0
sağın,9.0
sifon,9.0
özsel,9.0
talaz,9.0
kulun,9.0
toplu,9.0
elzem,9.0
döner,9.0
kibir,9.0
sözel,9.0
bavul,9.0
sükse,9.0
bidon,9.0
möble,9.0
sazak,9.0
vefat,9.0
gediz,9.0
oflaz,9.0
güdek,9.0
bakma,9.0
ibrik,9.0
masöz,9.0
yerme,9.0
düşme,9.0
damar,9.0
bakam,9.0
andıç,9.0
nazar,9.0
kusur,9.0
önlük,9.0
sübye,9.0
otacı,9.0
unluk,9.0
habeş,9.0
metot,9.0
uskur,9.0
körpe,9.0
bronz,9.0
bikir,9.0
önder,9.0
kaşar,9.0
ponza,9.0
ahlak,9.0
mesmu,9.0
yanak,9.0
susta,9.0
gabro,9.0
ironi,9.0
dizge,9.0
bölme,9.0
aygıt,9.0
herke,9.0
tanıt,9.0
liboş,9.0
kayan,9.0
ranza,9.0
ölçek,9.0
cenap,9.0
belek,9.0
çupra,9.0
canip,8.9
şeker,8.9
türkü,8.9
dogma,8.9
çapul,8.9
digor,8.9
dikim,8.9
tıkım,8.9
camız,8.9
figan,8.9
afife,8.9
sauna,8.9
abani,8.9
korno,8.9
havlu,8.9
diril,8.9
seyis,8.9
köhne,8.9
kınlı,8.9
ihata,8.9
papel,8.9
hamak,8.9
yeter,8.9
batak,8.9
içeri,8.9
fecir,8.9
kraça,8.9
damal,8.9
ataşe,8.9
kehle,8.9
fahur,8.9
tümör,8.9
tırıl,8.9
kaçar,8.9
yasak,8.9
tütme,8.9
ayran,8.9
gulaş,8.9
sırık,8.9
soğan,8.9
şalak,8.9
kopça,8.9
yaran,8.9
fodra,8.9
cilve,8.9
çerçi,8.9
yangı,8.9
dönel,8.9
ümmet,8.9
çarka,8.9
nazal,8.9
kısır,8.9
ahmak,8.9
çıban,8.9
arkaç,8.9
pasif,8.9
helke,8.9
tabak,8.9
jeton,8.9
çince,8.9
tiriz,8.9
yitik,8.9
suluk,8.9
dinen,8.9
evgin,8.9
bavlı,8.9
yirmi,8.9
çakar,8.9
damla,8.9
çakra,8.9
dalma,8.9
bravo,8.9
evcil,8.9
loşça,8.9
iznik,8.9
nurlu,8.9
sürre,8.9
bozuk,8.9
ahkam,8.9
feyiz,8.899999999999999
ölçer,8.899999999999999
yelme,8.899999999999999
kömeç,8.899999999999999
bezgi,8.899999999999999
uknum,8.899999999999999
vatoz,8.899999999999999
süğme,8.899999999999999
şopar,8.899999999999999
forum,8.899999999999999
demre,8.899999999999999
basış,8.899999999999999
bahçe,8.899999999999999
çökme,8.899999999999999
ambar,8.899999999999999
toyga,8.899999999999999
şaplı,8.899999999999999
çarpı,8.899999999999999
eylem,8.899999999999999
mevdu,8.899999999999999
miyop,8.899999999999999
arpçı,8.899999999999999
ferağ,8.899999999999999
erdem,8.899999999999999
yegah,8.899999999999999
derme,8.899999999999999
sübut,8.899999999999999
zigot,8.8
dirim,8.8
çatış,8.8
saray,8.8
fodla,8.8
teyel,8.8
yağır,8.8
parka,8.8
zağlı,8.8
yatma,8.8
sorgu,8.8
gölek,8.8
şelek,8.8
kütlü,8.8
ifrağ,8.8
öpmek,8.8
haram,8.8
işeme,8.8
yalan,8.8
polüm,8.8
varış,8.8
nahoş,8.8
taşçı,8.8
çaşıt,8.8
gübre,8.8
kazık,8.8
sıyga,8.8
keleş,8.8
vuraç,8.8
aşmak,8.8
düver,8.8
çopra,8.8
şişme,8.8
erkeç,8.8
barcı,8.8
kızak,8.8
şavul,8.8
birli,8.8
cizye,8.8
saygı,8.8
corum,8.8
mahra,8.8
evsaf,8.8
denek,8.8
alyan,8.8
essah,8.8
randa,8.8
şahıs,8.8
eşlek,8.8
beşon,8.8
yanal,8.8
söküm,8.8
viyol,8.8
nihai,8.8
komot,8.8
akşam,8.8
asabi,8.8
kutnu,8.8
şekel,8.8
nihan,8.8
avare,8.8
sevgi,8.8
kolon,8.8
hasse,8.8
kahta,8.8
ündeş,8.8
aysar,8.8
rükün,8.8
geyşa,8.8
havlı,8.8
kiriş,8.8
eyvah,8.8
bilir,8.8
kalça,8.8
kumsu,8.8
batar,8.8
rüsup,8.8
dikit,8.8
çorap,8.8
vürut,8.8
filoz,8.8
viraj,8.8
imbik,8.8
fariğ,8.8
seyek,8.799999999999999
bölen,8.799999999999999
nogay,8.799999999999999
azman,8.799999999999999
mutlu,8.799999999999999
çoban,8.799999999999999
zaman,8.799999999999999
tulum,8.799999999999999
çeker,8.799999999999999
banak,8.799999999999999
çaplı,8.799999999999999
kaban,8.799999999999999
egale,8.799999999999999
nukut,8.799999999999999
cudam,8.799999999999999
dönem,8.799999999999999
delme,8.799999999999999
lamba,8.799999999999999
yonga,8.799999999999999
alçak,8.799999999999999
bakan,8.799999999999999
nutuk,8.799999999999999
mümas,8.799999999999999
muhip,8.799999999999999
banka,8.799999999999999
nezle,8.799999999999999
namaz,8.799999999999999
necip,8.799999999999999
çalak,8.799999999999999
mukus,8.799999999999999
dönme,8.799999999999999
laçka,8.799999999999999
sadak,8.799999999999999
olgun,8.799999999999999
pünez,8.799999999999999
ıslık,8.799999999999999
legal,8.799999999999999
çakal,8.799999999999999
ayyuk,8.799999999999999
bitki,8.700000000000001
yayık,8.700000000000001
aktaş,8.700000000000001
plaka,8.700000000000001
çolpa,8.700000000000001
lakap,8.700000000000001
dalan,8.700000000000001
sölom,8.700000000000001
balcı,8.700000000000001
hakan,8.700000000000001
kaçma,8.700000000000001
harta,8.700000000000001
hayız,8.700000000000001
kıyak,8.700000000000001
aşina,8.700000000000001
bitik,8.700000000000001
taşak,8.700000000000001
basak,8.700000000000001
nişan,8.700000000000001
çalgı,8.700000000000001
yavsı,8.700000000000001
cumba,8.700000000000001
salya,8.700000000000001
yağlı,8.700000000000001
ihsas,8.700000000000001
yasal,8.700000000000001
civan,8.700000000000001
hasis,8.700000000000001
zigon,8.700000000000001
kayık,8.700000000000001
hanak,8.700000000000001
mahıv,8.700000000000001
klapa,8.700000000000001
valör,8.7
leçek,8.7
dilim,8.7
işlik,8.7
balat,8.7
yobaz,8.7
funda,8.7
şaful,8.7
gaşiy,8.7
punto,8.7
baran,8.7
fütur,8.7
zihaf,8.7
anons,8.7
arıza,8.7
gürsu,8.7
izmit,8.7
sason,8.7
hamla,8.7
buğra,8.7
domuz,8.7
asyön,8.7
kürsü,8.7
eşmek,8.7
koruk,8.7
tabla,8.7
geziş,8.7
damat,8.7
dudak,8.7
vapur,8.7
işteş,8.7
kozak,8.7
varoş,8.7
düşes,8.7
morto,8.7
tapış,8.7
yanma,8.7
mümin,8.7
iğfal,8.7
türlü,8.7
elçek,8.7
vahiy,8.7
hamal,8.7
kısım,8.7
çimme,8.7
çuval,8.7
sahih,8.7
çekel,8.7
beter,8.7
çalar,8.7
benek,8.7
maçka,8.7
teber,8.7
motor,8.7
fokus,8.7
sıkım,8.7
rende,8.7
statü,8.7
çemiç,8.7
orlon,8.7
yaman,8.7
pruva,8.7
gergi,8.7
işkil,8.7
habip,8.7
havut,8.7
süsme,8.7
kifaf,8.7
üstat,8.7
çakma,8.7
çelek,8.7
korku,8.7
ozuga,8.7
ızrar,8.7
mahal,8.7
rahat,8.7
açmak,8.7
üslup,8.7
puvar,8.7
mayna,8.7
sukut,8.7
yetme,8.7
peştu,8.7
afaki,8.7
ölçme,8.7
galoş,8.7
karga,8.7
çaput,8.7
düvel,8.7
birim,8.7
piyon,8.7
nahak,8.7
ender,8.7
erden,8.7
fidye,8.7
balta,8.7
sırlı,8.7
bütçe,8.7
şamar,8.7
tahra,8.7
kirpi,8.600000000000001
sazcı,8.600000000000001
bezci,8.600000000000001
oosit,8.600000000000001
dağlı,8.600000000000001
kısıt,8.600000000000001
kapma,8.600000000000001
lütuf,8.600000000000001
üçtaş,8.600000000000001
çizge,8.600000000000001
otist,8.600000000000001
yüzde,8.600000000000001
gerek,8.600000000000001
düzey,8.600000000000001
pelüş,8.600000000000001
kaçta,8.600000000000001
bizce,8.600000000000001
ezgiç,8.600000000000001
koton,8.600000000000001
basar,8.600000000000001
begüm,8.600000000000001
tuhaf,8.600000000000001
yenme,8.6
kösnü,8.6
uzama,8.6
çatak,8.6
cihaz,8.6
sönük,8.6
hakas,8.6
villa,8.6
nüans,8.6
sıkıt,8.6
şölen,8.6
vakar,8.6
kabuk,8.6
koyak,8.6
elbet,8.6
yitim,8.6
banal,8.6
jokey,8.6
güney,8.6
demet,8.6
yancı,8.6
okluk,8.6
doyum,8.6
revir,8.6
ahlat,8.6
çavlı,8.6
varak,8.6
bozum,8.6
medet,8.6
sülük,8.6
gavur,8.6
içlik,8.6
azılı,8.6
bilim,8.6
reşme,8.6
batma,8.6
boğak,8.6
halat,8.6
yokuş,8.6
cunda,8.6
taşra,8.6
kelep,8.6
fırça,8.6
eosen,8.6
saçış,8.6
türüm,8.6
bodur,8.6
yığma,8.6
yasma,8.6
taraş,8.6
sezme,8.6
tümür,8.6
bağır,8.6
övmek,8.6
elden,8.6
kaşan,8.6
manda,8.6
firar,8.6
sökün,8.6
inanç,8.6
kıyye,8.6
almaş,8.6
hicaz,8.6
haciz,8.6
mabat,8.6
sidik,8.6
sırım,8.6
yazış,8.6
gusül,8.6
rolcü,8.6
afyon,8.6
toyca,8.6
mehle,8.6
çekme,8.6
küsuf,8.6
sayma,8.6
çekem,8.6
bolca,8.6
nöbet,8.6
reçel,8.6
agami,8.6
sonuç,8.6
koyuş,8.6
mısır,8.6
hisse,8.6
boylu,8.6
güreş,8.6
vizon,8.6
adsal,8.6
kollu,8.6
görme,8.6
ciğer,8.6
helme,8.599999999999998
patak,8.500000000000002
lafçı,8.5
oluru,8.5
yonca,8.5
günde,8.5
gaita,8.5
uğraş,8.5
pasör,8.5
yumma,8.5
azade,8.5
rodaj,8.5
tamah,8.5
kaval,8.5
tırıs,8.5
mumya,8.5
sutlu,8.5
almaç,8.5
çalma,8.5
zühul,8.5
gidon,8.5
bitli,8.5
afili,8.5
banma,8.5
bağlı,8.5
matah,8.5
belen,8.5
bronş,8.5
sapış,8.5
flöre,8.5
dingo,8.5
rampa,8.5
avlak,8.5
hasar,8.5
çanak,8.5
kepme,8.5
prova,8.5
fince,8.5
zürra,8.5
eşlem,8.5
topaç,8.5
uyuma,8.5
gafur,8.5
denme,8.5
lagar,8.5
keşen,8.5
ekici,8.5
kubbe,8.5
fonda,8.5
celal,8.5
röfle,8.5
kopuz,8.5
dulda,8.5
unsur,8.5
fifre,8.5
galop,8.5
sümük,8.5
bağıl,8.5
pipet,8.5
oraya,8.5
talaş,8.5
çıvma,8.5
süsen,8.5
bunca,8.5
vargı,8.5
jeloz,8.5
yokçu,8.5
sazan,8.5
özdek,8.5
gusto,8.5
füzen,8.5
şorca,8.5
iplik,8.5
sınık,8.5
pufla,8.5
meleş,8.5
gazve,8.5
espas,8.5
fenci,8.5
sahra,8.5
doğal,8.5
kamga,8.5
acele,8.5
yaylı,8.5
poşet,8.5
dinli,8.5
lökoz,8.5
denet,8.4
petek,8.4
tutya,8.4
naçar,8.4
uşşak,8.4
sınır,8.4
akkuş,8.4
sünni,8.4
rosto,8.4
taşma,8.4
sürüm,8.4
bitim,8.4
yörük,8.4
üzere,8.4
zülal,8.4
şinik,8.4
taban,8.4
kapan,8.4
düven,8.4
üşenç,8.4
zifos,8.4
özlük,8.4
adalı,8.4
irice,8.4
salah,8.4
bağım,8.4
kalfa,8.4
seher,8.4
şınav,8.4
öğrek,8.4
sibop,8.4
kiniş,8.4
kuşak,8.4
rızık,8.4
sinüs,8.4
avunç,8.4
orada,8.4
halas,8.4
örgen,8.4
soğuk,8.4
uzluk,8.4
tepke,8.4
buyot,8.4
doğma,8.4
vakıf,8.4
angıç,8.4
akvam,8.4
saçak,8.4
kadük,8.4
çavun,8.4
pasçı,8.4
uyruk,8.4
fünye,8.4
köfte,8.4
çenek,8.4
odsuz,8.4
çatal,8.4
solcu,8.4
yayım,8.4
boyut,8.4
hücre,8.4
günah,8.4
dallı,8.4
hurra,8.4
apsis,8.4
larva,8.4
ovmaç,8.4
dilsi,8.4
gölet,8.399999999999999
avane,8.399999999999999
zübde,8.399999999999999
çelme,8.399999999999999
evlek,8.399999999999999
büvet,8.399999999999999
kevel,8.399999999999999
sesçi,8.399999999999999
helen,8.399999999999999
gıpta,8.399999999999999
özbek,8.399999999999999
basma,8.399999999999999
samba,8.399999999999999
güleç,8.399999999999999
gotça,8.399999999999999
elifi,8.399999999999999
celil,8.3
sapak,8.3
felek,8.3
hırbo,8.3
camia,8.3
çasar,8.3
konuk,8.3
neyse,8.3
kaşık,8.3
salaş,8.3
yazgı,8.3
şuara,8.3
duruk,8.3
firik,8.3
içkin,8.3
takva,8.3
deste,8.3
çamat,8.3
çağrı,8.3
yırık,8.3
saraç,8.3
dığan,8.3
ahfeş,8.3
fikir,8.3
yağsı,8.3
germe,8.3
köylü,8.3
zorgu,8.3
çırağ,8.3
yavuz,8.3
cülus,8.3
varma,8.3
çatma,8.3
boğma,8.3
kakış,8.3
gümeç,8.3
cazip,8.3
şirin,8.3
haşiv,8.3
boyun,8.3
kasap,8.3
rodeo,8.3
şunca,8.3
vatka,8.3
yunan,8.3
hokka,8.3
fikri,8.3
akpas,8.3
şaman,8.3
kavat,8.3
coşma,8.3
iblis,8.3
kızıl,8.3
tortu,8.3
sihir,8.3
vahşi,8.3
hancı,8.3
oberj,8.3
sönüm,8.3
gemre,8.3
pasak,8.3
yazar,8.3
tipik,8.3
bağıt,8.3
lizol,8.3
doluş,8.299999999999999
nadas,8.299999999999999
sunum,8.299999999999999
alnaç,8.299999999999999
duacı,8.299999999999999
engin,8.299999999999999
letçe,8.299999999999999
abalı,8.299999999999999
ballı,8.299999999999999
oydaş,8.299999999999999
aptal,8.299999999999999
mezzo,8.299999999999999
patal,8.299999999999999
mürur,8.299999999999999
nalça,8.299999999999999
düyun,8.299999999999999
mavra,8.299999999999999
bambu,8.299999999999999
hemen,8.299999999999999
uyluk,8.299999999999999
kaçık,8.200000000000001
kakıç,8.200000000000001
şilin,8.200000000000001
hasta,8.200000000000001
tapma,8.200000000000001
binit,8.200000000000001
fakat,8.200000000000001
hasat,8.200000000000001
kuyum,8.200000000000001
öreke,8.200000000000001
yayın,8.200000000000001
yılık,8.200000000000001
salça,8.200000000000001
yılkı,8.200000000000001
palan,8.200000000000001
dayak,8.200000000000001
duluk,8.2
düğme,8.2
yahey,8.2
şoven,8.2
tevek,8.2
kabza,8.2
varta,8.2
pelte,8.2
verme,8.2
desen,8.2
kımız,8.2
aşırı,8.2
raspa,8.2
sarpa,8.2
hoşur,8.2
oyacı,8.2
menşe,8.2
çelen,8.2
cevza,8.2
imece,8.2
eylül,8.2
üstlü,8.2
tabut,8.2
hisli,8.2
yalaz,8.2
doğan,8.2
bağın,8.2
saban,8.2
peren,8.2
girim,8.2
kubur,8.2
sepek,8.2
parsa,8.2
cevaz,8.2
iffet,8.2
pesek,8.2
verem,8.2
üfleç,8.2
sivas,8.2
sütlü,8.2
galat,8.2
fahiş,8.2
maval,8.2
güneş,8.2
çıkak,8.2
avrat,8.2
emici,8.2
gelme,8.2
yumuk,8.2
serçe,8.2
rumuz,8.2
humma,8.2
suoku,8.2
pirit,8.2
beste,8.2
nafia,8.2
buruk,8.2
tıkız,8.100000000000001
salpa,8.100000000000001
emcek,8.100000000000001
ergen,8.100000000000001
geçiş,8.100000000000001
teşne,8.100000000000001
gavot,8.100000000000001
kekik,8.100000000000001
düşey,8.100000000000001
kuytu,8.100000000000001
içyüz,8.100000000000001
bezek,8.100000000000001
çinli,8.100000000000001
düzeç,8.100000000000001
müjde,8.100000000000001
palas,8.100000000000001
geren,8.100000000000001
efekt,8.100000000000001
badıç,8.100000000000001
siliş,8.100000000000001
kebze,8.100000000000001
aşılı,8.1
zayıf,8.1
cinai,8.1
neşet,8.1
abadi,8.1
yarda,8.1
miyom,8.1
yassı,8.1
bölük,8.1
dikiz,8.1
majör,8.1
taraf,8.1
bomba,8.1
mambo,8.1
savak,8.1
üzlük,8.1
zerde,8.1
keven,8.1
lipit,8.1
varan,8.1
modem,8.1
topuz,8.1
isevi,8.1
hadde,8.1
yabgu,8.1
çemen,8.1
güneç,8.1
sülün,8.1
döküm,8.1
jakar,8.1
fenni,8.1
seben,8.1
pisik,8.1
ibdai,8.1
kavas,8.1
füsun,8.1
kıyım,8.1
çanta,8.1
mucip,8.1
yumru,8.1
çokça,8.1
sücut,8.1
üçgen,8.1
aymaz,8.1
ivesi,8.1
adına,8.1
somon,8.1
kübik,8.1
ağlak,8.1
yazma,8.1
şemse,8.1
tepme,8.1
frigo,8.1
sahan,8.1
böyle,8.1
tavla,8.1
koçak,8.1
prese,8.1
odacı,8.1
yedek,8.1
macar,8.1
yürük,8.1
nüfus,8.1
cünha,8.1
indis,8.1
anyon,8.1
lavta,8.1
flama,8.1
yıkım,8.1
saçma,8.1
çancı,8.1
nemçe,8.1
tafra,8.1
cıvma,8.0
dalya,8.0
yüklü,8.0
ceket,8.0
ağmak,8.0
ispir,8.0
şişko,8.0
evren,8.0
ceviz,8.0
telve,8.0
sürur,8.0
öksüz,8.0
muylu,8.0
veciz,8.0
faska,8.0
bombe,8.0
karar,8.0
döşek,8.0
yülük,8.0
ışıma,8.0
kenef,8.0
kefne,8.0
örcin,8.0
değiş,8.0
kefen,8.0
kopuş,8.0
araka,8.0
öncel,8.0
nacak,8.0
malca,8.0
soyuş,8.0
ebedi,8.0
carta,8.0
bedii,8.0
habbe,8.0
çenet,8.0
kanca,8.0
sakaf,8.0
dolgu,8.0
ancak,8.0
kavuk,8.0
büğet,8.0
seçme,8.0
şifon,8.0
rayba,8.0
banjo,8.0
havuz,8.0
şayia,8.0
cenup,8.0
figür,8.0
velet,8.0
vagon,8.0
tuzlu,8.0
eğlek,8.0
cenin,8.0
bazal,8.0
hazar,8.0
falcı,8.0
edebi,8.0
biblo,8.0
fagot,8.0
sövme,8.0
vitir,8.0
cemre,8.0
kahya,8.0
ezber,8.0
ahraz,8.0
özden,8.0
kuruş,8.0
gevaş,7.999999999999999
genel,7.999999999999999
eleji,7.999999999999999
dumur,7.999999999999999
tapan,7.999999999999999
durum,7.999999999999999
meşum,7.999999999999999
engel,7.999999999999999
sapma,7.999999999999999
gelen,7.999999999999999
güzey,7.999999999999999
manga,7.999999999999999
dönük,7.9
tavcı,7.9
hicap,7.9
lahza,7.9
erkek,7.9
rötuş,7.9
odeon,7.9
taşıt,7.9
çukur,7.9
iteği,7.9
suyuk,7.9
flört,7.9
safra,7.9
tüzük,7.9
kötek,7.9
akala,7.9
fener,7.9
kıyın,7.9
cirim,7.9
albay,7.9
teyze,7.9
çörkü,7.9
şayka,7.9
kalak,7.9
üstün,7.9
falan,7.9
barda,7.9
uçkur,7.9
buşon,7.9
çiğde,7.9
nefer,7.9
iğlik,7.9
telef,7.9
herze,7.9
donör,7.9
bürük,7.9
tıbbi,7.9
yanaz,7.9
kışır,7.9
bahai,7.9
proje,7.9
yüküm,7.9
şayak,7.9
ortoz,7.9
alaka,7.9
balya,7.9
ağcık,7.9
sever,7.9
tokyo,7.9
kekre,7.9
aynaz,7.9
savla,7.9
ruhlu,7.9
kayşa,7.9
tutaç,7.9
eğmek,7.9
cimri,7.9
ifrit,7.9
viski,7.9
rapor,7.9
kavkı,7.8999999999999995
bihuş,7.8999999999999995
lağıv,7.8999999999999995
vazıh,7.8999999999999995
moloz,7.8999999999999995
yapış,7.8999999999999995
dübeş,7.8999999999999995
epsem,7.8999999999999995
sözde,7.8999999999999995
fehva,7.8999999999999995
özalp,7.8999999999999995
vakıa,7.8999999999999995
şöyle,7.8999999999999995
kuvve,7.8999999999999995
rötar,7.8999999999999995
melce,7.8999999999999995
pasta,7.8999999999999995
pizza,7.8999999999999995
manav,7.899999999999999
hülle,7.899999999999999
mavna,7.899999999999999
kakma,7.800000000000001
abdal,7.800000000000001
savma,7.800000000000001
itaat,7.800000000000001
mamak,7.800000000000001
akmak,7.800000000000001
incik,7.800000000000001
gonca,7.800000000000001
silgi,7.800000000000001
kılış,7.800000000000001
kayaç,7.800000000000001
dölüt,7.800000000000001
bocuk,7.800000000000001
bohça,7.800000000000001
ırkçı,7.800000000000001
tavan,7.800000000000001
köprü,7.800000000000001
hayal,7.800000000000001
evaze,7.800000000000001
cirit,7.800000000000001
sivri,7.800000000000001
kömüş,7.800000000000001
yolcu,7.800000000000001
kovuş,7.800000000000001
didon,7.800000000000001
basso,7.800000000000001
makam,7.800000000000001
abosa,7.800000000000001
vulva,7.800000000000001
vatan,7.800000000000001
hırlı,7.800000000000001
yönlü,7.800000000000001
halay,7.800000000000001
kucak,7.800000000000001
badal,7.800000000000001
makak,7.800000000000001
fitil,7.800000000000001
sapan,7.8
çello,7.8
siniş,7.8
avaze,7.8
gözer,7.8
vasıf,7.8
şömiz,7.8
kelle,7.8
yaraş,7.8
tenge,7.8
güfte,7.8
sefer,7.8
bezme,7.8
bölüm,7.8
meğer,7.8
agora,7.8
degaj,7.8
fujer,7.8
çömez,7.8
yağız,7.8
hafız,7.8
pinti,7.8
terör,7.8
güruh,7.8
ceren,7.8
kağan,7.8
dizim,7.8
çözme,7.8
sözlü,7.8
kelek,7.8
geviş,7.8
başçı,7.8
köken,7.8
sepet,7.8
paçoz,7.8
çopur,7.8
kinci,7.8
bayma,7.799999999999999
yedme,7.799999999999999
öğlen,7.799999999999999
fodul,7.799999999999999
düden,7.799999999999999
anjin,7.799999999999999
hezel,7.799999999999999
güven,7.799999999999999
bamya,7.799999999999999
cukka,7.799999999999999
yutum,7.799999999999999
anane,7.799999999999999
söven,7.799999999999999
vasat,7.700000000000001
savat,7.700000000000001
büküm,7.700000000000001
bobin,7.700000000000001
yükün,7.700000000000001
haşiş,7.700000000000001
tavas,7.700000000000001
takat,7.700000000000001
bozca,7.700000000000001
kumuç,7.700000000000001
akıcı,7.700000000000001
kılıç,7.700000000000001
cacık,7.700000000000001
banaz,7.7
şükür,7.7
sivil,7.7
hazcı,7.7
nesep,7.7
sevme,7.7
pazar,7.7
bahar,7.7
ekmek,7.7
akbaş,7.7
incir,7.7
selef,7.7
rüküş,7.7
kurgu,7.7
burun,7.7
hayıf,7.7
killi,7.7
daraş,7.7
hapşu,7.7
emmek,7.7
penes,7.7
ispit,7.7
kepez,7.7
savcı,7.7
ürküş,7.7
pense,7.7
bulut,7.7
belde,7.7
muzsu,7.699999999999999
dürüm,7.699999999999999
yapak,7.699999999999999
ikili,7.699999999999999
arama,7.699999999999999
döper,7.699999999999999
mühim,7.699999999999999
fanta,7.699999999999999
bölüt,7.699999999999999
müdür,7.699999999999999
bayat,7.699999999999999
epeyi,7.699999999999999
döşem,7.699999999999999
çizik,7.699999999999999
heder,7.699999999999999
manca,7.699999999999999
başka,7.699999999999999
çerez,7.699999999999999
çöküm,7.699999999999999
başak,7.699999999999999
pompa,7.699999999999999
bedel,7.699999999999999
pabuç,7.699999999999999
butlu,7.699999999999999
tabya,7.699999999999999
üşüme,7.699999999999999
ayraç,7.699999999999999
nafta,7.699999999999999
hemze,7.699999999999999
mahya,7.699999999999999
süzük,7.699999999999999
grogi,7.6000000000000005
şebek,7.6000000000000005
tekke,7.6000000000000005
sıhhi,7.6000000000000005
pisin,7.6000000000000005
örtüş,7.6000000000000005
bakaç,7.6000000000000005
nispi,7.6000000000000005
vecih,7.6000000000000005
bezen,7.6000000000000005
löpür,7.6000000000000005
robot,7.6000000000000005
haycı,7.6000000000000005
toycu,7.6000000000000005
cepçi,7.6000000000000005
badat,7.6000000000000005
düzce,7.6000000000000005
yeygi,7.6
palaz,7.6
daraç,7.6
turşu,7.6
bunlu,7.6
uşkun,7.6
bayan,7.6
yaban,7.6
izafi,7.6
dünkü,7.6
fatsa,7.6
yaşam,7.6
günce,7.6
açmaz,7.6
plaza,7.6
abraş,7.6
trata,7.6
çükür,7.6
döger,7.6
hatay,7.6
polip,7.6
boğuk,7.6
göbek,7.6
dürtü,7.6
savan,7.6
vizör,7.6
ulufe,7.6
incil,7.6
boyca,7.6
tuzsu,7.6
avans,7.6
supap,7.6
celse,7.6
cinli,7.6
beher,7.6
gölük,7.6
hoşça,7.6
tüylü,7.6
tatar,7.6
hazan,7.6
garaz,7.6
aracı,7.6
coşku,7.6
mimik,7.6
japon,7.6
mebde,7.6
dizin,7.6
eglog,7.6
doğru,7.6
dönüm,7.6
parya,7.6
dügah,7.6
gıyap,7.6
deney,7.6
praya,7.6
nüfuz,7.6
filsi,7.6
zifaf,7.6
dalaş,7.6
hayat,7.6
özenç,7.6
arıcı,7.6
behre,7.6
kanka,7.6
aceze,7.6
vuruk,7.6
hayta,7.6
dikiş,7.6
peyke,7.6
muşlu,7.6
afazi,7.6
hüküm,7.6
çebiç,7.6
çürük,7.6
mıhlı,7.599999999999999
ölmüş,7.599999999999999
angın,7.500000000000001
kutup,7.500000000000001
kılgı,7.500000000000001
kolpo,7.5
acılı,7.5
ılıca,7.5
boğaz,7.5
çıkıt,7.5
bükün,7.5
cevap,7.5
dozaj,7.5
hezen,7.5
sedye,7.5
gerze,7.5
topçu,7.5
uçkun,7.5
cayış,7.5
yüsrü,7.5
heyet,7.5
yeleç,7.5
eviye,7.5
gömük,7.5
akaju,7.5
dünür,7.5
çocuk,7.5
rijit,7.5
kışın,7.5
tvist,7.5
hanya,7.5
fitin,7.5
bugün,7.5
aksak,7.5
ebleh,7.5
çörtü,7.5
gülle,7.5
sakak,7.5
ponje,7.5
göyme,7.5
küşüm,7.5
beşer,7.5
sebze,7.5
gauss,7.5
mühür,7.5
üçlük,7.5
gazal,7.5
hapçı,7.5
alıcı,7.5
yünlü,7.5
yamaç,7.5
barça,7.5
refüj,7.5
hakça,7.5
unvan,7.5
yalpa,7.5
dönüt,7.5
tonoz,7.5
basya,7.5
ıştır,7.5
söküş,7.5
hanay,7.5
ışkın,7.5
çıktı,7.5
sicil,7.5
eleme,7.499999999999999
ağnam,7.499999999999999
ölçüm,7.499999999999999
leğen,7.499999999999999
zihni,7.4
getto,7.4
husul,7.4
bende,7.4
beden,7.4
sayha,7.4
nefes,7.4
ezici,7.4
horon,7.4
kinin,7.4
ölçüt,7.4
çıkın,7.4
havuç,7.4
atama,7.4
hulus,7.4
tıpkı,7.4
koğuş,7.4
dişli,7.4
küplü,7.4
fauna,7.4
tirit,7.4
mimli,7.4
milli,7.4
cisim,7.4
yollu,7.4
nalan,7.4
ivedi,7.4
çizim,7.4
kısış,7.4
bürün,7.4
zihin,7.4
diliş,7.4
milim,7.4
kesek,7.4
dişil,7.4
çıtır,7.4
enfes,7.4
biçki,7.4
kinik,7.4
şayan,7.4
tatma,7.4
sicim,7.4
kösçü,7.4
istif,7.4
yunus,7.4
döneç,7.4
tamam,7.4
haraç,7.4
törpü,7.4
vacip,7.4
enöte,7.3999999999999995
şapçı,7.3999999999999995
cadde,7.3999999999999995
göbel,7.3999999999999995
bölge,7.3999999999999995
acıma,7.3999999999999995
bröve,7.3999999999999995
mecmu,7.3999999999999995
muştu,7.3999999999999995
badas,7.3999999999999995
perde,7.3999999999999995
peder,7.3999999999999995
görüm,7.3999999999999995
doğum,7.3999999999999995
çaycı,7.3999999999999995
nedbe,7.3999999999999995
fleol,7.3999999999999995
camcı,7.3999999999999995
ceset,7.3999999999999995
sağma,7.3999999999999995
deşme,7.3999999999999995
lodos,7.3999999999999995
beleş,7.3999999999999995
yapma,7.399999999999999
yüzey,7.300000000000001
datça,7.300000000000001
ölçün,7.300000000000001
kuduz,7.300000000000001
yoğun,7.300000000000001
havai,7.300000000000001
iyice,7.300000000000001
dalga,7.300000000000001
atıcı,7.300000000000001
kılıf,7.300000000000001
salsa,7.300000000000001
yitiş,7.300000000000001
boğum,7.300000000000001
halaç,7.300000000000001
fizik,7.300000000000001
kırcı,7.300000000000001
çayan,7.300000000000001
gülük,7.300000000000001
harap,7.300000000000001
gocuk,7.300000000000001
siğil,7.300000000000001
freze,7.3
şimdi,7.3
başat,7.3
ağılı,7.3
pırtı,7.3
çavuş,7.3
gezme,7.3
demeç,7.3
dövme,7.3
sağcı,7.3
zelve,7.3
mıgır,7.3
örgüt,7.3
coşum,7.3
gökçe,7.3
mutçu,7.3
varda,7.3
yağış,7.3
rafya,7.3
tulup,7.3
suruç,7.3
şüphe,7.3
şapka,7.3
beşme,7.3
gizil,7.3
sifin,7.3
çuvaş,7.3
gizli,7.3
bindi,7.3
abece,7.3
davar,7.3
ongen,7.3
doyuş,7.3
biliş,7.3
böcek,7.3
bozuş,7.3
fazla,7.3
çehre,7.3
başta,7.3
masaj,7.299999999999999
humus,7.299999999999999
büluğ,7.299999999999999
gönye,7.299999999999999
süyüm,7.299999999999999
sence,7.299999999999999
hücum,7.299999999999999
haşat,7.200000000000001
kumcu,7.200000000000001
divik,7.200000000000001
hafif,7.200000000000001
kovcu,7.200000000000001
peçiç,7.2
şaban,7.2
ılgım,7.2
kokuş,7.2
işsiz,7.2
damga,7.2
porto,7.2
sabah,7.2
kakao,7.2
girdi,7.2
güvez,7.2
cinsi,7.2
farad,7.2
hoşaf,7.2
orgcu,7.2
zifir,7.2
koşuk,7.2
lazca,7.2
gebre,7.2
göçer,7.2
akköy,7.2
şarap,7.2
küfür,7.2
eneme,7.199999999999999
devre,7.199999999999999
sındı,7.199999999999999
göden,7.199999999999999
payan,7.199999999999999
samsa,7.199999999999999
lehçe,7.199999999999999
hindi,7.199999999999999
tayga,7.199999999999999
ünsüz,7.199999999999999
eçhel,7.199999999999999
örgün,7.199999999999999
pahal,7.199999999999999
mucuk,7.199999999999999
casus,7.199999999999999
levye,7.199999999999999
çünkü,7.199999999999999
pesüs,7.199999999999999
sayaç,7.199999999999999
çişik,7.199999999999999
neyçe,7.199999999999999
suçlu,7.199999999999999
efsus,7.199999999999999
andaç,7.199999999999999
linin,7.199999999999999
çapak,7.199999999999999
falya,7.199999999999999
yelve,7.199999999999999
dipli,7.199999999999999
kokak,7.199999999999999
fondü,7.199999999999999
hısım,7.199999999999999
bütün,7.100000000000001
sisli,7.1000000000000005
nizip,7.1000000000000005
panda,7.1000000000000005
silis,7.1000000000000005
bacak,7.1000000000000005
zağar,7.1000000000000005
ağraz,7.1000000000000005
bitiş,7.1000000000000005
biçim,7.1000000000000005
fıtık,7.1000000000000005
darca,7.1000000000000005
yüzük,7.1
pütür,7.1
puslu,7.1
gömüt,7.1
bafra,7.1
çiriş,7.1
eseme,7.1
giyim,7.1
gedme,7.1
pekçe,7.1
parça,7.1
kepçe,7.1
bağış,7.1
ölgün,7.1
mucur,7.1
gönül,7.1
tövbe,7.1
şafii,7.1
diniş,7.1
porno,7.1
çamaş,7.1
çoğul,7.1
pembe,7.1
vaşak,7.1
filiz,7.1
küflü,7.1
tente,7.1
gamba,7.1
havra,7.1
mafya,7.1
meyve,7.1
pişik,7.1
çokçu,7.1
farba,7.1
yayış,7.1
içsiz,7.1
çapar,7.1
yurdu,7.1
yivli,7.1
astat,7.1
belge,7.1
pulsu,7.1
penye,7.1
ajans,7.1
sürüş,7.1
etene,7.1
tüvit,7.1
biniş,7.000000000000001
ılgın,7.000000000000001
ahval,7.0
huzur,7.0
argaç,7.0
zuhur,7.0
cayma,7.0
höyük,7.0
doğaç,7.0
eğrez,7.0
kazaz,7.0
sunuş,7.0
çeşme,7.0
ağyar,7.0
estet,7.0
çeper,7.0
tüplü,7.0
ipsiz,7.0
bıyık,7.0
buzul,7.0
giyit,7.0
gövek,7.0
kazak,7.0
gömeç,7.0
bilgi,7.0
yağar,7.0
yavan,7.0
avşar,7.0
hınıs,7.0
geçek,7.0
bızır,7.0
cedre,7.0
buzlu,7.0
göçme,7.0
ayvan,7.0
gümül,7.0
sözce,7.0
kopuk,7.0
yafta,7.0
sıvık,7.0
ipçik,7.0
misis,7.0
tröst,7.0
vezne,7.0
yenge,7.0
tayfa,7.0
şafak,7.0
boduç,6.999999999999999
sönüş,6.999999999999999
çapla,6.999999999999999
körük,6.999999999999999
çalap,6.999999999999999
mıcır,6.999999999999999
doygu,6.999999999999999
paçal,6.999999999999999
çözük,6.9
sucuk,6.9
kuvöz,6.9
hızır,6.9
vusul,6.9
kırkı,6.9
bıdık,6.9
iddia,6.9
tezce,6.9
ahcar,6.9
züyuf,6.9
afşar,6.9
tıfıl,6.9
zarar,6.9
idadi,6.9
kırık,6.9
gülüt,6.9
ahlaf,6.9
cedel,6.9
lavaş,6.9
faraş,6.9
büzük,6.9
cüruf,6.9
dürzü,6.9
bicik,6.9
yüzlü,6.9
kızış,6.9
püsür,6.9
fanya,6.9
fırın,6.9
halfa,6.9
giriş,6.9
kayak,6.9
dağar,6.9
hödük,6.9
gürün,6.9
nesne,6.9
çerge,6.8999999999999995
denge,6.8999999999999995
görev,6.8999999999999995
köklü,6.8999999999999995
beşuş,6.8999999999999995
geçer,6.8999999999999995
rujlu,6.8999999999999995
özdeş,6.8999999999999995
çepel,6.8999999999999995
umumi,6.8999999999999995
özeme,6.8999999999999995
kölük,6.8999999999999995
bavcı,6.8999999999999995
lizöz,6.8999999999999995
çapma,6.8999999999999995
gereç,6.8999999999999995
yudum,6.899999999999999
duyum,6.899999999999999
haspa,6.800000000000001
günlü,6.800000000000001
yıkış,6.800000000000001
dilci,6.800000000000001
zıhlı,6.800000000000001
döküş,6.800000000000001
hızlı,6.800000000000001
kumuk,6.800000000000001
hüsün,6.800000000000001
giysi,6.800000000000001
divit,6.800000000000001
huylu,6.800000000000001
logos,6.800000000000001
golcü,6.800000000000001
sürgü,6.800000000000001
kılık,6.800000000000001
öncül,6.800000000000001
badya,6.800000000000001
yağma,6.800000000000001
zifin,6.800000000000001
kıllı,6.800000000000001
sayfa,6.800000000000001
kıyış,6.800000000000001
yaygı,6.800000000000001
çoğun,6.800000000000001
kovuk,6.8
çevre,6.8
cürüm,6.8
cehre,6.8
sıfır,6.8
şoson,6.8
dingi,6.8
örülü,6.8
abaşo,6.8
piliç,6.8
kavga,6.8
ayyar,6.8
sebep,6.8
gazoz,6.8
sinsi,6.8
eşref,6.8
zerre,6.8
ashap,6.8
çipil,6.8
belce,6.8
babai,6.8
şeref,6.8
değer,6.8
birci,6.8
alaza,6.8
yarar,6.8
zağcı,6.8
baççı,6.8
horoz,6.8
pişim,6.8
cüsse,6.799999999999999
büyük,6.799999999999999
gövel,6.799999999999999
celbe,6.799999999999999
bönce,6.799999999999999
cebel,6.799999999999999
danca,6.700000000000001
duhul,6.700000000000001
vücut,6.700000000000001
bingi,6.700000000000001
sütçü,6.700000000000001
egzoz,6.7
kabak,6.7
iğdir,6.7
pişti,6.7
abhaz,6.7
köşek,6.7
hayda,6.7
gudde,6.7
inönü,6.7
tuğlu,6.7
bordo,6.7
dışık,6.7
radar,6.7
ahfat,6.7
yağcı,6.7
uğrun,6.7
duruş,6.7
paraf,6.7
sırcı,6.7
sungu,6.7
dışkı,6.7
hicri,6.7
hafta,6.7
öneze,6.7
buhur,6.7
geçme,6.7
havan,6.7
diriğ,6.7
prafa,6.7
düşeş,6.699999999999999
çöven,6.699999999999999
tutuk,6.699999999999999
küncü,6.699999999999999
ödeme,6.699999999999999
sucul,6.699999999999999
tutku,6.699999999999999
baraj,6.699999999999999
üsküf,6.699999999999999
ejder,6.699999999999999
yayla,6.699999999999999
çavma,6.699999999999999
gövem,6.699999999999999
yerey,6.699999999999999
züppe,6.699999999999999
hüyük,6.699999999999999
defne,6.699999999999999
pengö,6.699999999999999
döşlü,6.6000000000000005
ebcet,6.6000000000000005
bıkış,6.6000000000000005
zıbın,6.6000000000000005
çözüm,6.6000000000000005
dağcı,6.6000000000000005
özgür,6.6000000000000005
kıtık,6.6000000000000005
ötürü,6.6000000000000005
bebek,6.6000000000000005
becet,6.6000000000000005
zilli,6.6
havsa,6.6
duşlu,6.6
mumlu,6.6
kavaf,6.6
çökek,6.6
sedef,6.6
havas,6.6
güveç,6.6
cazcı,6.6
ehven,6.6
nöron,6.6
agraf,6.6
müftü,6.6
fişli,6.6
göyük,6.6
yayma,6.6
gözde,6.6
araba,6.6
pençe,6.6
değme,6.6
zıpır,6.6
barba,6.6
köçek,6.6
moğol,6.6
küllü,6.6
buçuk,6.6
üğrüm,6.6
toput,6.6
çubuk,6.6
bence,6.500000000000001
kokot,6.500000000000001
hudut,6.500000000000001
çöğme,6.5
diziş,6.5
bıçkı,6.5
adama,6.5
fülüs,6.5
hotoz,6.5
sığır,6.5
dinci,6.5
maada,6.5
düşkü,6.5
facia,6.5
bıçık,6.5
heybe,6.5
buluş,6.5
yatay,6.5
recep,6.5
yükçü,6.5
ayıcı,6.5
şakak,6.5
savaş,6.5
madam,6.5
geçen,6.5
düşük,6.5
cevvi,6.5
bağcı,6.5
safha,6.5
köksü,6.5
secde,6.5
zimmi,6.5
budun,6.5
behey,6.5
kopoy,6.5
yiğit,6.5
yeğen,6.5
kıygı,6.5
heves,6.5
hoppa,6.5
yutuş,6.5
sahaf,6.5
harar,6.5
susku,6.5
sökük,6.5
uygur,6.5
köpek,6.5
kınık,6.5
özgül,6.499999999999999
gözlü,6.499999999999999
pagan,6.499999999999999
bölüş,6.499999999999999
cibin,6.400000000000001
azvay,6.4
çivit,6.4
durgu,6.4
sosis,6.4
kısık,6.4
bağan,6.4
sınıf,6.4
kuşçu,6.4
rotor,6.4
süngü,6.4
yayan,6.4
gollü,6.4
tadat,6.4
kıskı,6.4
nanay,6.4
dilli,6.4
döviz,6.4
kaçak,6.4
titiz,6.4
huruç,6.4
nısıf,6.4
yiyim,6.4
eneze,6.4
kakaç,6.4
keşke,6.4
lügol,6.4
yanay,6.4
pürüz,6.4
allah,6.4
büküş,6.4
gıdık,6.4
ayvaz,6.4
hışır,6.4
çöküş,6.4
payda,6.4
evcek,6.4
zenne,6.4
kütük,6.4
tutum,6.3999999999999995
rögar,6.3999999999999995
gevme,6.3999999999999995
pafta,6.3999999999999995
celep,6.3999999999999995
ongun,6.3999999999999995
çağla,6.3999999999999995
köycü,6.300000000000001
hüzün,6.300000000000001
yılgı,6.300000000000001
gayda,6.300000000000001
dutçu,6.300000000000001
adana,6.300000000000001
cızık,6.300000000000001
jüpon,6.300000000000001
büküç,6.300000000000001
nadan,6.300000000000001
çıkış,6.300000000000001
söğüt,6.300000000000001
hapaz,6.300000000000001
finiş,6.300000000000001
fitçi,6.300000000000001
şişik,6.300000000000001
uçsuz,6.3
dönüş,6.3
papak,6.3
haham,6.3
safça,6.3
kapak,6.3
didim,6.3
çömme,6.3
cicoz,6.3
göğem,6.3
hamam,6.3
sızış,6.3
çekçe,6.3
çekek,6.3
açgöz,6.3
burgu,6.3
abacı,6.3
çömçe,6.3
çağma,6.3
ucube,6.3
kekeç,6.3
göcen,6.299999999999999
ödünç,6.200000000000001
güdük,6.200000000000001
özgün,6.200000000000001
foroz,6.2
ölçüş,6.2
tavaf,6.2
çiğli,6.2
bulgu,6.2
parpa,6.2
dizgi,6.2
gebze,6.2
motto,6.2
hatta,6.2
garaj,6.2
çiğil,6.2
eğmeç,6.2
şurup,6.2
afgan,6.2
geven,6.2
kepek,6.2
abana,6.2
orfoz,6.2
pöçük,6.2
gölge,6.199999999999999
tahta,6.199999999999999
yaşça,6.199999999999999
şaşma,6.199999999999999
şuhut,6.199999999999999
hımış,6.199999999999999
aşama,6.199999999999999
gabya,6.199999999999999
davya,6.199999999999999
neden,6.199999999999999
ütülü,6.199999999999999
hışım,6.199999999999999
küskü,6.199999999999999
gıdım,6.1000000000000005
abbas,6.1000000000000005
hizip,6.1000000000000005
sığın,6.1000000000000005
düşüt,6.1
aşıcı,6.1
gödeş,6.1
ızgın,6.1
üzünç,6.1
görüş,6.1
süzüş,6.1
bocce,6.1
cılız,6.1
göçük,6.1
çiziş,6.1
yülgü,6.1
gömme,6.1
uygun,6.1
havza,6.1
doğuş,6.1
kavak,6.1
şişli,6.1
fayda,6.1
çamça,6.1
çiğit,6.000000000000001
puluç,6.0
döngü,6.0
güdül,6.0
şoför,6.0
göbüt,6.0
çepez,6.0
hassa,6.0
burcu,6.0
çırpı,6.0
hitit,6.0
ahbap,6.0
avara,6.0
lavaj,6.0
tuzcu,6.0
havya,6.0
cuşiş,6.0
zülüf,6.0
düşün,6.0
çilli,6.0
cünun,6.0
çemçe,6.0
vuruş,6.0
folyo,6.0
bürgü,6.0
emmeç,6.0
fıkıh,6.0
süslü,6.0
gübür,6.0
çıpır,6.0
sülüs,6.0
cübbe,6.0
mösyö,5.999999999999999
çöplü,5.999999999999999
pampa,5.999999999999999
gönen,5.9
yavaş,5.9
tütün,5.9
çiğin,5.9
hayfa,5.9
gazap,5.9
fışkı,5.9
vonoz,5.9
aşağı,5.9
üzgün,5.9
sıygı,5.9
dişçi,5.9
kızık,5.9
güzün,5.9
güdüm,5.9
savca,5.9
verev,5.9
magma,5.8999999999999995
gömüş,5.8999999999999995
döveç,5.8999999999999995
pıhtı,5.8999999999999995
apacı,5.8999999999999995
pilli,5.8999999999999995
gurup,5.8999999999999995
cezbe,5.8999999999999995
süzgü,5.800000000000001
çizgi,5.800000000000001
ığdır,5.800000000000001
yıkık,5.800000000000001
giyiş,5.800000000000001
boyoz,5.800000000000001
sütsü,5.800000000000001
kıyık,5.800000000000001
hissi,5.800000000000001
tütsü,5.800000000000001
bıcıl,5.800000000000001
cıbıl,5.800000000000001
pasaj,5.8
dökük,5.8
böğür,5.8
evvel,5.8
acara,5.8
sözcü,5.8
ipucu,5.8
çeçen,5.8
göçüm,5.8
biçiş,5.8
kokoz,5.8
buğur,5.8
şahap,5.8
ahşap,5.8
hidiv,5.700000000000001
vurgu,5.7
alaca,5.7
bücür,5.7
cicik,5.7
gebeş,5.7
niçin,5.7
gidiş,5.7
ikici,5.7
lüpçü,5.699999999999999
gövde,5.699999999999999
gülüş,5.699999999999999
hedef,5.699999999999999
evdeş,5.699999999999999
tuyuğ,5.699999999999999
böbür,5.6000000000000005
bağda,5.6000000000000005
öbürü,5.6000000000000005
gümüş,5.6
duyuş,5.6
lifli,5.6
vukuf,5.6
tafta,5.6
fiili,5.6
üçgül,5.6
güpür,5.6
ürgüp,5.6
çulcu,5.6
daday,5.6
hukuk,5.6
abaza,5.6
güçlü,5.6
ingin,5.500000000000001
çıngı,5.500000000000001
gıcık,5.500000000000001
tüpçü,5.5
düdük,5.5
ozmoz,5.5
sövüş,5.5
pulcu,5.5
yığın,5.5
sipsi,5.5
yüzüş,5.5
geyve,5.5
husuf,5.5
övünç,5.5
çöğür,5.5
kuşku,5.5
vıcık,5.4
canan,5.4
gıcır,5.4
veçhe,5.4
cıvık,5.4
cicim,5.4
çıfıt,5.4
büğlü,5.4
hulul,5.4
anaca,5.4
düğüm,5.4
çığır,5.4
susuz,5.4
bükük,5.4
çökük,5.3999999999999995
kökçü,5.3999999999999995
ığrıp,5.300000000000001
çıkık,5.300000000000001
itici,5.300000000000001
duygu,5.300000000000001
gücük,5.300000000000001
köpük,5.3
çözüş,5.3
epope,5.3
popçu,5.3
ayyaş,5.3
debbe,5.3
cezve,5.3
zevce,5.3
ıssız,5.3
kokoş,5.3
gürcü,5.2
sövgü,5.2
düğün,5.2
dadaş,5.2
iğdiş,5.2
teğet,5.2
cinci,5.2
papaz,5.2
değeç,5.2
kıpık,5.2
guguk,5.199999999999999
hutut,5.199999999999999
söğüş,5.1000000000000005
vuzuh,5.1
şedde,5.1
düzgü,5.1
tutuş,5.1
gülcü,5.1
görgü,5.1
acıca,5.1
göncü,5.1
yapay,5.1
küçük,5.1
gurur,5.1
yiyiş,5.1
devce,5.1
pırpı,5.1
pullu,5.1
cephe,5.1
babaç,5.0
gayya,5.0
posof,5.0
coşuş,5.0
büzgü,5.0
husus,5.0
çözgü,5.0
buzcu,5.0
susuş,4.9
hıfız,4.9
cünüp,4.9
bagaj,4.8999999999999995
düşçü,4.800000000000001
gücün,4.800000000000001
hiciv,4.800000000000001
nonoş,4.800000000000001
ninni,4.800000000000001
güğüm,4.800000000000001
cıcık,4.800000000000001
dövüş,4.8
örücü,4.8
buğuz,4.8
göğüs,4.8
tuğcu,4.7
godoş,4.7
hiççi,4.7
güllü,4.699999999999999
hippi,4.6000000000000005
havva,4.6
mumcu,4.6
cücük,4.6
yuvgu,4.6
gözcü,4.500000000000001
ötücü,4.5
acaba,4.5
fuhuş,4.5
göçüş,4.5
yığış,4.4
ciddi,4.4
lığlı,4.4
geççe,4.3999999999999995
ütücü,4.2
gözgü,4.1
hahha,4.0
içici,4.0
şaşaa,3.9
düşüş,3.9
voyvo,3.6999999999999997
efece,3.6999999999999997
çöpçü,3.6
üzücü,3.5
uçucu,3.1999999999999997
övücü,2.9
